haii,5/22/24,5/22/24,"WM1.png,malang,bromo,400,5.0,7am,7pm"
kenjeran,5/22/24,5/22/24,"WS1.png,surabaya,pantai kenjeran lama,15,4.3,7am,6pm"
lala,5/22/24,5/24/24,"WM1.png,malang,bromo,400,5.0,7am,7pm|WM2.png,malang,hawai waterpark,85,4.5,9am,5pm|WM3.png,malang,pantai parang dowo,15,4.6,12am,12pm|WM4.png,malang,florawisata santerra de laponte,30,4.6,8am,5pm|WM5.png,malang,taman rekreasi selecta,50,4.5,7am,5pm"
coba,5/22/24,5/24/24,"WM1.png,malang,bromo,400,5.0,7am,7pm|WM2.png,malang,hawai waterpark,85,4.5,9am,5pm|WM3.png,malang,pantai parang dowo,15,4.6,12am,12pm|WM4.png,malang,florawisata santerra de laponte,30,4.6,8am,5pm|WM5.png,malang,taman rekreasi selecta,50,4.5,7am,5pm|WM6.png,malang,cycling & village tour in malang,583,5.0,12am,12pm|WM7.png,malang,dairyland farm theme park prigen,30,4.6,8am,5pm|WM8.png,malang,eco green park,64,4.6,9am,5pm"
haii,5/22/24,5/23/24,"WM1.png,malang,bromo,400,5.0,7am,7pm|WM2.png,malang,hawai waterpark,85,4.5,9am,5pm"
lala,5/22/24,5/22/24,"WM1.png,malang,bromo,400,5.0,7am,7pm|WM2.png,malang,hawai waterpark,85,4.5,9am,5pm"
haa,5/22/24,5/22/24,"WM1.png,malang,bromo,400,5.0,7am,7pm|WM2.png,malang,hawai waterpark,85,4.5,9am,5pm"
hallo,5/22/24,5/22/24,"WM1.png,malang,bromo,400,5.0,7am,7pm|WM2.png,malang,hawai waterpark,85,4.5,9am,5pm"
d,5/22/24,5/22/24,"WM1.png,malang,bromo,400,5.0,7am,7pm"
k,5/22/24,5/22/24,"WM1.png,malang,bromo,400,5.0,7am,7pm"
h,5/22/24,5/22/24,"WM1.png,malang,bromo,400,5.0,7am,7pm"
c,5/22/24,5/22/24,"WM1.png,malang,bromo,400,5.0,7am,7pm"
h,5/22/24,5/22/24,"WM1.png,malang,bromo,400,5.0,7am,7pm"
j,5/22/24,5/22/24,"WM1.png,malang,bromo,400,5.0,7am,7pm"
j,5/22/24,5/22/24,"WM1.png,malang,bromo,400,5.0,7am,7pm"
g,5/22/24,5/22/24,"WM1.png,malang,bromo,400,5.0,7am,7pm"
d,5/22/24,5/22/24,"WM1.png,malang,bromo,400,5.0,7am,7pm"
j,5/22/24,5/22/24,"WM1.png,malang,bromo,400,5.0,7am,7pm"
n,5/22/24,5/22/24,"WM1.png,malang,bromo,400,5.0,7am,7pm"
b,5/22/24,5/22/24,"WM1.png,malang,bromo,400,5.0,7am,7pm"
h,5/22/24,5/22/24,"WM1.png,malang,bromo,400,5.0,7am,7pm"
hai hai,5/22/24,5/22/24,"WM1.png,malang,bromo,400,5.0,7am,7pm"
g,5/22/24,5/22/24,"WM1.png,malang,bromo,400,5.0,7am,7pm"
mau ke malangg,5/22/24,5/24/24,"WM1.png,malang,bromo,400,5.0,7am,7pm|WM2.png,malang,hawai waterpark,85,4.5,9am,5pm|WM3.png,malang,pantai parang dowo,15,4.6,12am,12pm"
h,5/22/24,5/22/24,"WM1.png,malang,bromo,400,5.0,7am,7pm"
b,5/22/24,5/22/24,"WM1.png,malang,bromo,400,5.0,7am,7pm"
hi,5/22/24,5/22/24,"WM1.png,malang,bromo,400,5.0,7am,19pm"
n,5/22/24,5/22/24,"WM1.png,malang,bromo,400,5.0,7am,7pm"
haa,5/22/24,5/22/24,"WM1.png,malang,bromo,400,5.0,7am,7pm"
mm,5/22/24,5/22/24,"WM1.png,malang,bromo,400,5.0,7am,7pm"
ghj,5/22/24,5/22/24,"WM2.png,malang,hawai waterpark,85,4.5,9am,5pm"
h,5/22/24,5/22/24,"WM1.png,malang,bromo,400,5.0,7am,7pm"
ffghj,5/22/24,5/22/24,"WM1.png,malang,bromo,400,5.0,7am,7pm|WM2.png,malang,hawai waterpark,85,4.5,9am,5pm"
pengen heallingg,5/22/24,5/22/24,"WM1.png,malang,bromo,400,5.0,7am,7pm"
pengen libura ,5/22/24,5/22/24,"WM1.png,malang,bromo,400,5.0,7am,7pm"
pengen liburan,5/22/24,5/22/24,"WM1.png,malang,bromo,400,5.0,7am,7pm"
haii,5/22/24,5/22/24,"WM1.png,malang,bromo,400,5.0,7am,7pm"
vb,5/22/24,5/22/24,"WM1.png,malang,bromo,400,5.0,7am,7pm"
plis bisa,5/22/24,5/22/24,"WS1.png,surabaya,pantai kenjeran lama,15,4.3,7am,6pm"
s,5/22/24,5/22/24,"WM1.png,malang,bromo,400,5.0,7am,7pm"
hallo,5/22/24,5/22/24,"WM1.png,malang,bromo,400,5.0,7am,7pm"
mau ke bromo,5/23/24,5/23/24,"WM1.png,malang,bromo,400,5.0,7am,7pm"
mau healling,5/23/24,5/24/24,"WM1.png,malang,bromo,400,5.0,7am,7pm|WM2.png,malang,hawai waterpark,85,4.5,9am,5pm"
mau healling,5/23/24,5/23/24,"WM1.png,malang,bromo,400,5.0,7am,7pm"
hallo,5/23/24,5/23/24,"WM1.png,malang,bromo,400,5.0,7am,7pm"
mau ke malang,5/23/24,5/24/24,"WM1.png,malang,bromo,400,5.0,7am,7pm|WM2.png,malang,hawai waterpark,85,4.5,9am,5pm"
bromo,5/23/24,5/24/24,"WM1.png,malang,bromo,400,5.0,7am,7pm"
bromo,5/23/24,5/23/24,"WM1.png,malang,bromo,400,5.0,7am,7pm"
mau liburann,5/23/24,5/23/24,"WM1.png,malang,bromo,400,5.0,7am,7pm"
l,5/23/24,5/23/24,"WM1.png,malang,bromo,400,5.0,7am,7pm"
xdfghjk,5/23/24,5/23/24,"WS1.png,surabaya,pantai kenjeran lama,15,4.3,7am,6pm"
dfghj,5/23/24,5/23/24,"WM1.png,malang,bromo,400,5.0,7am,7pm"
libur dongg,5/23/24,5/23/24,"WM1.png,malang,bromo,400,5.0,7am,7pm"
judul,5/23/24,5/23/24,"WM1.png,malang,bromo,400,5.0,7am,7pm"
dfghjk,5/23/24,5/23/24,"WM1.png,malang,bromo,400,5.0,7am,7pm"
JUDUL ,5/23/24,5/23/24,"WM1.png,malang,bromo,400,5.0,7am,7pm"
JUDUL,5/23/24,5/23/24,"WM1.png,malang,bromo,400,5.0,7am,7pm"
dfghjk,5/23/24,5/23/24,"WM1.png,malang,bromo,400,5.0,7am,7pm"
asdfghj,5/23/24,5/23/24,"WM1.png,malang,bromo,400,5.0,7am,7pm"
asdfghj,5/23/24,5/23/24,"WM1.png,malang,bromo,400,5.0,7am,7pm"
asdfghj,5/23/24,5/23/24,"WM1.png,malang,bromo,400,5.0,7am,7pm"
mau liburan pliss,5/23/24,5/24/24,"WM1.png,malang,bromo,400,5.0,7am,7pm|WM2.png,malang,hawai waterpark,85,4.5,9am,5pm"
mau liburan pliss,5/23/24,5/24/24,"WM1.png,malang,bromo,400,5.0,7am,7pm|WM2.png,malang,hawai waterpark,85,4.5,9am,5pm"
YYYY,5/23/24,5/23/24,"WM1.png,malang,bromo,400,5.0,7am,7pm"
JUDUL,5/23/24,5/23/24,"WM1.png,malang,bromo,400,5.0,7am,7pm|WM2.png,malang,hawai waterpark,85,4.5,9am,5pm"
JUDUL,5/23/24,5/23/24,"WS1.png,surabaya,pantai kenjeran lama,15,4.3,7am,6pm"
JUDUL,5/23/24,5/23/24,"WM1.png,malang,bromo,400,5.0,7am,7pm"
JUDULL,5/23/24,5/23/24,"WM1.png,malang,bromo,400,5.0,7am,7pm"
JUDUL,5/23/24,5/23/24,"WM1.png,malang,bromo,400,5.0,7am,7pm"
SDFGHJ,5/23/24,5/23/24,"WM1.png,malang,bromo,400,5.0,7am,7pm"
MAU LIBURA,5/23/24,5/23/24,"WS1.png,surabaya,pantai kenjeran lama,15,4.3,7am,6pm|WS2.png,surabaya,monumen tugu pahlawan,2,4.7,8am,3pm"
FF,5/23/24,5/23/24,"WM1.png,malang,bromo,400,5.0,7am,7pm"
DFGHJK,5/23/24,5/23/24,"WM1.png,malang,bromo,400,5.0,7am,7pm"
sdfghjk,5/23/24,5/23/24,"WM1.png,malang,bromo,400,5.0,7am,7pm"
xcvbn,5/23/24,5/23/24,"WS1.png,surabaya,pantai kenjeran lama,15,4.3,7am,6pm"
dfghj,5/23/24,5/23/24,"WB1.png,banyuwangi,pantai plengkung,10,4.5,12am,12pm"
dfghj,5/23/24,5/23/24,"WM1.png,malang,bromo,400,5.0,7am,7pm|WM2.png,malang,hawai waterpark,85,4.5,9am,5pm"
xcvbn,5/23/24,5/23/24,"WB1.png,banyuwangi,pantai plengkung,10,4.5,12am,12pm|WB2.png,banyuwangi,pantai rajegwesi,5,4.4,12am,12pm"
fgh,5/23/24,5/23/24,"WM1.png,malang,bromo,400,5.0,7am,7pm"
asd,5/23/24,5/23/24,"WM2.png,malang,hawai waterpark,85,4.5,9am,5pm|WM1.png,malang,bromo,400,5.0,7am,7pm"
cvbn,5/23/24,5/25/24,"WM1.png,malang,bromo,400,5.0,7am,7pm"
DFGHJ,5/23/24,5/23/24,"WM1.png,malang,bromo,400,5.0,7am,7pm"
MAU PULANGG,5/23/24,5/30/24,"WM1.png,malang,bromo,400,5.0,7am,7pm"
pen pulang,5/23/24,5/30/24,"WM1.png,malang,bromo,400,5.0,7am,7pm"
aaaaa,5/23/24,5/30/24,"WM1.png,malang,bromo,400,5.0,7am,7pm"
lala,5/23/24,5/23/24,"WM1.png,malang,bromo,400,5.0,7am,7pm"
haii,5/23/24,5/30/24,"WM1.png,malang,bromo,400,5.0,7am,7pm"
lala,5/23/24,5/30/24,"WM1.png,malang,bromo,400,5.0,7am,7pm"
lala,5/23/24,5/30/24,"WM1.png,malang,bromo,400,5.0,7am,7pm"
aaaaaaaaaaaaaaaaaaa,5/23/24,5/30/24,"WM1.png,malang,bromo,400,5.0,7am,7pm"
asdfghjk,5/23/24,5/30/24,"WM1.png,malang,bromo,400,5.0,7am,7pm"
asdfghj,5/23/24,5/30/24,"WM1.png,malang,bromo,400,5.0,7am,7pm"
jhkn,5/23/24,5/25/24,"WM2.png,malang,hawai waterpark,85,4.5,9am,5pm"
fd,5/23/24,5/26/24,"WM3.png,malang,pantai parang dowo,15,4.6,12am,12pm|WM4.png,malang,florawisata santerra de laponte,30,4.6,8am,5pm"
jh,5/23/24,5/24/24,"WM1.png,malang,bromo,400,5.0,7am,7pm"
nb,5/23/24,5/1/24,"WM4.png,malang,florawisata santerra de laponte,30,4.6,8am,5pm"
hb,5/23/24,5/28/24,"WM4.png,malang,florawisata santerra de laponte,30,4.6,8am,5pm"
a,5/23/24,5/26/24,"WM3.png,malang,pantai parang dowo,15,4.6,12am,12pm"
aq,5/23/24,5/27/24,"WM2.png,malang,hawai waterpark,85,4.5,9am,5pm"
gv,5/23/24,5/27/24,"WM3.png,malang,pantai parang dowo,15,4.6,12am,12pm"
qw,5/23/24,5/25/24,"WM3.png,malang,pantai parang dowo,15,4.6,12am,12pm"
uy,5/23/24,5/25/24,"WM4.png,malang,florawisata santerra de laponte,30,4.6,8am,5pm"
oi,5/23/24,5/1/24,"WM3.png,malang,pantai parang dowo,15,4.6,12am,12pm"
yt,5/23/24,5/26/24,"WM2.png,malang,hawai waterpark,85,4.5,9am,5pm"
ytr,5/23/24,5/27/24,"WM2.png,malang,hawai waterpark,85,4.5,9am,5pm"
yu,5/23/24,5/25/24,"WM5.png,malang,taman rekreasi selecta,50,4.5,7am,5pm"
ij,5/23/24,5/26/24,"WM2.png,malang,hawai waterpark,85,4.5,9am,5pm"
oiuu,5/23/24,5/27/24,"WM1.png,malang,bromo,400,5.0,7am,7pm|WM3.png,malang,pantai parang dowo,15,4.6,12am,12pm|WM2.png,malang,hawai waterpark,85,4.5,9am,5pm"
mau libur,5/23/24,5/30/24,"WM1.png,malang,bromo,400,5.0,7am,7pm"
mau liburan,5/23/24,5/30/24,"WM1.png,malang,bromo,400,5.0,7am,7pm"
kkkk,5/23/24,5/30/24,"WM1.png,malang,bromo,400,5.0,7am,7pm"
ghj,5/23/24,5/30/24,"WM1.png,malang,bromo,400,5.0,7am,7pm"
sdfghjk,5/23/24,5/30/24,"WM1.png,malang,bromo,400,5.0,7am,7pm"
bnm,5/23/24,5/30/24,"WM1.png,malang,bromo,400,5.0,7am,7pm"
fghjk,5/23/24,5/30/24,"WM1.png,malang,bromo,400,5.0,7am,7pm"
hjk,5/23/24,5/30/24,"WM1.png,malang,bromo,400,5.0,7am,7pm"
fghj,5/23/24,5/30/24,"WM1.png,malang,bromo,400,5.0,7am,7pm"
bhjk,5/23/24,5/30/24,"WM1.png,malang,bromo,400,5.0,7am,7pm"
fghj,5/23/24,5/30/24,"WM1.png,malang,bromo,400,5.0,7am,7pm"
cghj,5/23/24,5/30/24,"WM1.png,malang,bromo,400,5.0,7am,7pm"
sdfgh,5/23/24,5/30/24,"WM1.png,malang,bromo,400,5.0,7am,7pm"
dfghj,5/23/24,5/30/24,"WM1.png,malang,bromo,400,5.0,7am,7pm"
bnm,5/23/24,5/30/24,"WM1.png,malang,bromo,400,5.0,7am,7pm"
vghjk,5/23/24,5/30/24,"WM1.png,malang,bromo,400,5.0,7am,7pm"
aq,5/23/24,5/28/24,"WM1.png,malang,bromo,400,5.0,7am,7pm"
YTR,5/23/24,5/28/24,"WM4.png,malang,florawisata santerra de laponte,30,4.6,8am,5pm|WM2.png,malang,hawai waterpark,85,4.5,9am,5pm"
dbjbjbd,5/23/24,5/25/24,"WM1.png,malang,bromo,400,5.0,7am,7pm"
bhg,5/23/24,5/26/24,"WM2.png,malang,hawai waterpark,85,4.5,9am,5pm"
dass,5/23/24,5/25/24,"WM1.png,malang,bromo,400,5.0,7am,7pm"
hg,5/25/24,5/23/24,"WM1.png,malang,bromo,400,5.0,7am,7pm"
bg,5/23/24,5/20/24,"WM1.png,malang,bromo,400,5.0,7am,7pm"
fddd,5/23/24,5/22/24,"WM2.png,malang,hawai waterpark,85,4.5,9am,5pm"
bg,5/23/24,5/22/24,"WM2.png,malang,hawai waterpark,85,4.5,9am,5pm"
jiji,5/23/24,5/24/24,"WM2.png,malang,hawai waterpark,85,4.5,9am,5pm|WM3.png,malang,pantai parang dowo,15,4.6,12am,12pm"
"bnm,",5/23/24,5/30/24,"WM1.png,malang,bromo,400,5.0,7am,7pm"
dfghj,5/23/24,5/23/24,"WB5.png,banyuwangi,pulau tabuhan,10,4.7,7am,4pm|WB4.png,banyuwangi,pantai cokograjagan,15,4.0,12am,12pm"
dfghj,5/23/24,5/30/24,"WM1.png,malang,bromo,400,5.0,7am,7pm"
DFGHJ,5/23/24,5/30/24,"WM1.png,malang,bromo,400,5.0,7am,7pm"
lalala,5/23/24,5/30/24,"WM1.png,malang,bromo,400,5.0,7am,7pm|WM2.png,malang,hawai waterpark,85,4.5,9am,5pm"
bnm,5/23/24,5/23/24,"WM1.png,malang,bromo,400,5.0,7am,7pm"
bnj,5/23/24,5/23/24,"WM1.png,malang,bromo,400,5.0,7am,7pm"
vbhnjmk,5/23/24,5/23/24,"WM1.png,malang,bromo,400,5.0,7am,7pm|WM2.png,malang,hawai waterpark,85,4.5,9am,5pm"
bnm,5/23/24,5/23/24,"WM1.png,malang,bromo,400,5.0,7am,7pm"
nm,5/23/24,5/23/24,"WM1.png,malang,bromo,400,5.0,7am,7pm"
xcvbn ,5/24/24,5/24/24,"WM1.png,malang,bromo,400,5.0,7am,7pm"
vhjk,5/24/24,5/27/24,"WM1.png,malang,bromo,400,5.0,7am,7pm"
xcvbn,5/24/24,5/23/24,"WM1.png,malang,bromo,400,5.0,7am,7pm|WM2.png,malang,hawai waterpark,85,4.5,9am,5pm"
hjk,5/24/24,5/27/24,"WM1.png,malang,bromo,400,5.0,7am,7pm|WM2.png,malang,hawai waterpark,85,4.5,9am,5pm"
xcvbn,5/24/24,5/24/24,"WM1.png,malang,bromo,400,5.0,7am,7pm"
xcfghj,5/24/24,5/24/24,"WS1.png,surabaya,pantai kenjeran lama,15,4.3,7am,6pm"
ghjk,5/24/24,5/24/24,"WM1.png,malang,bromo,400,5.0,7am,7pm"
 bnm,5/24/24,5/27/24,"WM1.png,malang,bromo,400,5.0,7am,7pm"
"jmk,",5/24/24,5/30/24,"WM1.png,malang,bromo,400,5.0,7am,7pm"
bhjk,5/24/24,5/30/24,"WM1.png,malang,bromo,400,5.0,7am,7pm"
vbhjk,5/24/24,5/26/24,"WM1.png,malang,bromo,400,5.0,7am,7pm"
vbhjk,5/24/24,5/26/24,"WM1.png,malang,bromo,400,5.0,7am,7pm|WM2.png,malang,hawai waterpark,85,4.5,9am,5pm"
bnm,5/24/24,5/29/24,"WM1.png,malang,bromo,400,5.0,7am,7pm"
bnm,5/24/24,5/26/24,"WM1.png,malang,bromo,400,5.0,7am,7pm"
vbn,5/24/24,5/30/24,"WM1.png,malang,bromo,400,5.0,7am,7pm"
bnm,5/24/24,5/30/24,"WM1.png,malang,bromo,400,5.0,7am,7pm"
bhjk,5/24/24,5/30/24,"WM1.png,malang,bromo,400,5.0,7am,7pm"
vbnm,5/24/24,5/30/24,"WM1.png,malang,bromo,400,5.0,7am,7pm"
bnm,5/24/24,5/30/24,"WM1.png,malang,bromo,400,5.0,7am,7pm"
"vbnm,",5/24/24,5/30/24,"WM1.png,malang,bromo,400,5.0,7am,7pm"
dfgh,5/24/24,5/30/24,"WM1.png,malang,bromo,400,5.0,7am,7pm"
vbnm,5/24/24,5/30/24,"WM1.png,malang,bromo,400,5.0,7am,7pm"
bnm,5/24/24,5/30/24,"WM1.png,malang,bromo,400,5.0,7am,7pm"
dfghj,5/24/24,5/30/24,"WM1.png,malang,bromo,400,5.0,7am,7pm"
vbhnjk,5/24/24,5/27/24,"WM1.png,malang,bromo,400,5.0,7am,7pm"
vbn,5/24/24,5/26/24,"WM1.png,malang,bromo,400,5.0,7am,7pm"
vbjm,5/24/24,5/24/24,"WM1.png,malang,bromo,400,5.0,7am,7pm"
bnm,5/24/24,5/24/24,"WM1.png,malang,bromo,400,5.0,7am,7pm"
bnm,5/24/24,5/24/24,"WM1.png,malang,bromo,400,5.0,7am,7pm"
nm,5/24/24,5/24/24,"WM1.png,malang,bromo,400,5.0,7am,7pm"
dfghj,5/24/24,5/30/24,"WM1.png,malang,bromo,400,5.0,7am,7pm"
bnmk,5/24/24,5/25/24,"WM1.png,malang,bromo,400,5.0,7am,7pm|WM2.png,malang,hawai waterpark,85,4.5,9am,5pm"
dfghj,5/24/24,5/25/24,"WM1.png,malang,bromo,400,5.0,7am,7pm|WM2.png,malang,hawai waterpark,85,4.5,9am,5pm"
ghj,5/24/24,5/25/24,"WM1.png,malang,bromo,400,5.0,7am,7pm|WM2.png,malang,hawai waterpark,85,4.5,9am,5pm"
nm,5/24/24,5/25/24,"WM1.png,malang,bromo,400,5.0,7am,7pm|WM2.png,malang,hawai waterpark,85,4.5,9am,5pm"
dfghjk,5/24/24,5/25/24,"WM1.png,malang,bromo,400,5.0,7am,7pm|WM2.png,malang,hawai waterpark,85,4.5,9am,5pm"
vvbn,5/24/24,5/25/24,"WM1.png,malang,bromo,400,5.0,7am,7pm|WM2.png,malang,hawai waterpark,85,4.5,9am,5pm"
vbn,5/24/24,5/25/24,"WM1.png,malang,bromo,400,5.0,7am,7pm|WM2.png,malang,hawai waterpark,85,4.5,9am,5pm"
bn,5/24/24,5/25/24,"WM1.png,malang,bromo,400,5.0,7am,7pm|WM2.png,malang,hawai waterpark,85,4.5,9am,5pm"
cvbn,5/24/24,5/25/24,"WM1.png,malang,bromo,400,5.0,7am,7pm|WM2.png,malang,hawai waterpark,85,4.5,9am,5pm"
bn,5/24/24,5/25/24,"WM1.png,malang,bromo,400,5.0,7am,7pm"
vbn,5/24/24,5/25/24,"WM1.png,malang,bromo,400,5.0,7am,7pm|WM2.png,malang,hawai waterpark,85,4.5,9am,5pm"
"nm,",5/24/24,5/28/24,"WM1.png,malang,bromo,400,5.0,7am,7pm|WM2.png,malang,hawai waterpark,85,4.5,9am,5pm"
bn,5/24/24,5/25/24,"WM1.png,malang,bromo,400,5.0,7am,7pm|WM2.png,malang,hawai waterpark,85,4.5,9am,5pm"
fghn,5/24/24,5/26/24,"WM1.png,malang,bromo,400,5.0,7am,7pm|WM2.png,malang,hawai waterpark,85,4.5,9am,5pm"
fghj,5/24/24,5/25/24,"WM1.png,malang,bromo,400,5.0,7am,7pm|WM2.png,malang,hawai waterpark,85,4.5,9am,5pm"
ghj,5/24/24,5/25/24,"WM1.png,malang,bromo,400,5.0,7am,7pm"
vbn,5/24/24,5/25/24,"WM1.png,malang,bromo,400,5.0,7am,7pm|WM2.png,malang,hawai waterpark,85,4.5,9am,5pm"
nm,5/24/24,5/25/24,"WM1.png,malang,bromo,400,5.0,7am,7pm|WM2.png,malang,hawai waterpark,85,4.5,9am,5pm"
gbhn,5/24/24,5/25/24,"WM1.png,malang,bromo,400,5.0,7am,7pm|WM2.png,malang,hawai waterpark,85,4.5,9am,5pm"
vbnm,5/24/24,5/25/24,"WM1.png,malang,bromo,400,5.0,7am,7pm|WM2.png,malang,hawai waterpark,85,4.5,9am,5pm"
asa,5/24/24,5/26/24,"WM2.png,malang,hawai waterpark,85,4.5,9am,5pm|WM3.png,malang,pantai parang dowo,15,4.6,12am,12pm"
aqs,5/24/24,5/25/24,"WM1.png,malang,bromo,400,5.0,7am,7pm|WM3.png,malang,pantai parang dowo,15,4.6,12am,12pm"
bnm,5/24/24,5/25/24,"WM1.png,malang,bromo,400,5.0,7am,7pm|WM2.png,malang,hawai waterpark,85,4.5,9am,5pm"
coba,5/24/24,5/25/24,"WM1.png,malang,bromo,400,5.0,7am,7pm|WM2.png,malang,hawai waterpark,85,4.5,9am,5pm"
mama,5/24/24,5/25/24,"WM1.png,malang,bromo,400,5.0,7am,7pm|WM2.png,malang,hawai waterpark,85,4.5,9am,5pm"
uu,5/24/24,5/25/24,"WM1.png,malang,bromo,400,5.0,7am,7pm|WM3.png,malang,pantai parang dowo,15,4.6,12am,12pm"
yii,5/24/24,5/24/24,"WM1.png,malang,bromo,400,5.0,7am,7pm|WM2.png,malang,hawai waterpark,85,4.5,9am,5pm"
ww,5/24/24,5/25/24,"WM2.png,malang,hawai waterpark,85,4.5,9am,5pm|WM3.png,malang,pantai parang dowo,15,4.6,12am,12pm"
hkk,5/24/24,5/26/24,"WM1.png,malang,bromo,400,5.0,7am,7pm|WM3.png,malang,pantai parang dowo,15,4.6,12am,12pm"
vbn,5/24/24,5/25/24,"WM1.png,malang,bromo,400,5.0,7am,7pm|WM2.png,malang,hawai waterpark,85,4.5,9am,5pm"
cvb,5/24/24,5/25/24,"WM1.png,malang,bromo,400,5.0,7am,7pm|WM2.png,malang,hawai waterpark,85,4.5,9am,5pm"
sw,5/24/24,5/26/24,"WM1.png,malang,bromo,400,5.0,7am,7pm|WM3.png,malang,pantai parang dowo,15,4.6,12am,12pm"
wer,5/24/24,5/26/24,"WM1.png,malang,bromo,400,5.0,7am,7pm|WM3.png,malang,pantai parang dowo,15,4.6,12am,12pm"
qwqwqe,5/24/24,5/26/24,"WM1.png,malang,bromo,400,5.0,7am,7pm|WM3.png,malang,pantai parang dowo,15,4.6,12am,12pm"
errd,5/24/24,5/26/24,"WM1.png,malang,bromo,400,5.0,7am,7pm|WM3.png,malang,pantai parang dowo,15,4.6,12am,12pm"
qws,5/24/24,5/26/24,"WM1.png,malang,bromo,400,5.0,7am,7pm|WM3.png,malang,pantai parang dowo,15,4.6,12am,12pm"
jijij,5/24/24,5/26/24,"WM3.png,malang,pantai parang dowo,15,4.6,12am,12pm|WM1.png,malang,bromo,400,5.0,7am,7pm"
bhbhb,5/24/24,5/26/24,"WM1.png,malang,bromo,400,5.0,7am,7pm|WM3.png,malang,pantai parang dowo,15,4.6,12am,12pm"
wq,5/24/24,5/27/24,"WM1.png,malang,bromo,400,5.0,7am,7pm|WM3.png,malang,pantai parang dowo,15,4.6,12am,12pm"
hihih,5/24/24,5/26/24,"WM1.png,malang,bromo,400,5.0,7am,7pm|WM3.png,malang,pantai parang dowo,15,4.6,12am,12pm"
aqq,5/24/24,5/26/24,"WM1.png,malang,bromo,400,5.0,7am,7pm|WM3.png,malang,pantai parang dowo,15,4.6,12am,12pm"
bhbhbh,5/24/24,5/27/24,"WM1.png,malang,bromo,400,5.0,7am,7pm|WM3.png,malang,pantai parang dowo,15,4.6,12am,12pm"
vbnm,5/24/24,5/25/24,"WM1.png,malang,bromo,400,5.0,7am,7pm|WM2.png,malang,hawai waterpark,85,4.5,9am,5pm"
hbhb,5/24/24,5/26/24,"WM1.png,malang,bromo,400,5.0,7am,7pm|WM3.png,malang,pantai parang dowo,15,4.6,12am,12pm"
aqa,5/24/24,5/26/24,"WM3.png,malang,pantai parang dowo,15,4.6,12am,12pm|WM2.png,malang,hawai waterpark,85,4.5,9am,5pm"
aww,5/24/24,5/27/24,"WM1.png,malang,bromo,400,5.0,7am,7pm|WM3.png,malang,pantai parang dowo,15,4.6,12am,12pm"
qwewe,5/24/24,5/26/24,"WM2.png,malang,hawai waterpark,85,4.5,9am,5pm|WM3.png,malang,pantai parang dowo,15,4.6,12am,12pm"
sd,5/24/24,5/26/24,"WM1.png,malang,bromo,400,5.0,7am,7pm|WM4.png,malang,florawisata santerra de laponte,30,4.6,8am,5pm"
wwd,5/24/24,5/26/24,"WM2.png,malang,hawai waterpark,85,4.5,9am,5pm|WM3.png,malang,pantai parang dowo,15,4.6,12am,12pm"
fddds,5/24/24,5/27/24,"WM1.png,malang,bromo,400,5.0,7am,7pm|WM3.png,malang,pantai parang dowo,15,4.6,12am,12pm"
aqws,5/24/24,5/25/24,"WM2.png,malang,hawai waterpark,85,4.5,9am,5pm|WM3.png,malang,pantai parang dowo,15,4.6,12am,12pm"
jhjgj,5/24/24,5/26/24,"WM2.png,malang,hawai waterpark,85,4.5,9am,5pm|WM3.png,malang,pantai parang dowo,15,4.6,12am,12pm"
ds,5/24/24,5/26/24,"WM2.png,malang,hawai waterpark,85,4.5,9am,5pm|WM1.png,malang,bromo,400,5.0,7am,7pm"
sjbbsd,5/24/24,5/26/24,"WM1.png,malang,bromo,400,5.0,7am,7pm|WM3.png,malang,pantai parang dowo,15,4.6,12am,12pm"
dede,5/24/24,5/26/24,"WM2.png,malang,hawai waterpark,85,4.5,9am,5pm|WM3.png,malang,pantai parang dowo,15,4.6,12am,12pm"
dede,5/24/24,5/27/24,"WM2.png,malang,hawai waterpark,85,4.5,9am,5pm|WM1.png,malang,bromo,400,5.0,7am,7pm"
jojo,5/24/24,5/26/24,"WM2.png,malang,hawai waterpark,85,4.5,9am,5pm|WM1.png,malang,bromo,400,5.0,7am,7pm"
asuuu,5/24/24,5/26/24,"WM1.png,malang,bromo,400,5.0,7am,7pm|WM3.png,malang,pantai parang dowo,15,4.6,12am,12pm"
juju,5/24/24,5/26/24,"WM1.png,malang,bromo,400,5.0,7am,7pm|WM2.png,malang,hawai waterpark,85,4.5,9am,5pm|WM4.png,malang,florawisata santerra de laponte,30,4.6,8am,5pm"
ffff,5/24/24,5/26/24,"WM1.png,malang,bromo,400,5.0,7am,7pm|WM3.png,malang,pantai parang dowo,15,4.6,12am,12pm"
gafaf,5/24/24,5/26/24,"WM1.png,malang,bromo,400,5.0,7am,7pm|WM3.png,malang,pantai parang dowo,15,4.6,12am,12pm"
knte,5/24/24,5/26/24,"WM1.png,malang,bromo,400,5.0,7am,7pm|WM2.png,malang,hawai waterpark,85,4.5,9am,5pm"
vbn,5/24/24,5/27/24,"WM1.png,malang,bromo,400,5.0,7am,7pm|WM2.png,malang,hawai waterpark,85,4.5,9am,5pm"
jjj,5/24/24,5/26/24,"WM1.png,malang,bromo,400,5.0,7am,7pm|WM3.png,malang,pantai parang dowo,15,4.6,12am,12pm"
jijij,5/24/24,5/26/24,"WM1.png,malang,bromo,400,5.0,7am,7pm|WM4.png,malang,florawisata santerra de laponte,30,4.6,8am,5pm"
vbn,5/24/24,5/27/24,"WM1.png,malang,bromo,400,5.0,7am,7pm|WM2.png,malang,hawai waterpark,85,4.5,9am,5pm"
cvb,5/24/24,5/28/24,"WM1.png,malang,bromo,400,5.0,7am,7pm|WM2.png,malang,hawai waterpark,85,4.5,9am,5pm"
nm,5/24/24,5/27/24,"WM1.png,malang,bromo,400,5.0,7am,7pm|WM2.png,malang,hawai waterpark,85,4.5,9am,5pm"
we,5/24/24,5/26/24,"WM1.png,malang,bromo,400,5.0,7am,7pm|WM2.png,malang,hawai waterpark,85,4.5,9am,5pm"
sedfg,5/24/24,5/26/24,"WM1.png,malang,bromo,400,5.0,7am,7pm|WM2.png,malang,hawai waterpark,85,4.5,9am,5pm"
hgha,5/24/24,5/26/24,"WM1.png,malang,bromo,400,5.0,7am,7pm|WM2.png,malang,hawai waterpark,85,4.5,9am,5pm"
njnjn,5/24/24,5/27/24,"WM1.png,malang,bromo,400,5.0,7am,7pm|WM2.png,malang,hawai waterpark,85,4.5,9am,5pm"
fds,5/24/24,5/26/24,"WM2.png,malang,hawai waterpark,85,4.5,9am,5pm|WM3.png,malang,pantai parang dowo,15,4.6,12am,12pm"
bhabhba,5/24/24,5/27/24,"WM2.png,malang,hawai waterpark,85,4.5,9am,5pm|WM3.png,malang,pantai parang dowo,15,4.6,12am,12pm"
hg,5/24/24,5/26/24,"WM2.png,malang,hawai waterpark,85,4.5,9am,5pm|WM3.png,malang,pantai parang dowo,15,4.6,12am,12pm|WM4.png,malang,florawisata santerra de laponte,30,4.6,8am,5pm"
asdfgh,5/24/24,5/26/24,"WM1.png,malang,bromo,400,5.0,7am,7pm|WM2.png,malang,hawai waterpark,85,4.5,9am,5pm"
dfghj,5/24/24,5/28/24,"WM1.png,malang,bromo,400,5.0,7am,7pm|WM2.png,malang,hawai waterpark,85,4.5,9am,5pm"
bnjm,5/25/24,5/27/24,"WM1.png,malang,bromo,400,5.0,7am,19pm|WM2.png,malang,hawai waterpark,85,4.5,9am,5pm"
vbn,5/25/24,5/27/24,"WM1.png,malang,bromo,400,5.0,7am,19pm|WM2.png,malang,hawai waterpark,85,4.5,9am,5pm|WM3.png,malang,pantai parang dowo,15,4.6,12am,12pm|WM4.png,malang,florawisata santerra de laponte,30,4.6,8am,5pm"
mauu liburan,5/25/24,5/27/24,"WM1.png,malang,bromo,400,5.0,7am,19pm|WM2.png,malang,hawai waterpark,85,4.5,9am,5pm|WM3.png,malang,pantai parang dowo,15,4.6,12am,12pm|WM4.png,malang,florawisata santerra de laponte,30,4.6,8am,5pm"
dfghj,5/25/24,5/30/24,"WS1.png,surabaya,pantai kenjeran lama,15,4.3,7am,6pm|WS2.png,surabaya,monumen tugu pahlawan,2,4.7,8am,3pm|WS3.png,surabaya,house of sampoerna,0,3.5,8am,3pm|WS4.png,surabaya,kelenteng sanggar agung kenjeran,5,4.5,7am,8pm"
mau liburan tolongg,5/25/24,5/27/24,"WS1.png,surabaya,pantai kenjeran lama,15,4.3,7am,6pm|WS2.png,surabaya,monumen tugu pahlawan,2,4.7,8am,3pm|WS3.png,surabaya,house of sampoerna,0,3.5,8am,3pm|WS4.png,surabaya,kelenteng sanggar agung kenjeran,5,4.5,7am,8pm"
fgghj,5/25/24,5/27/24,"WM15.png,malang,alun alun kota malang,0,4.5,12am,12pm|WM17.png,malang,lembah indah malang,20,4.4,8am,6pm"
 bnm,5/25/24,5/28/24,"WM1.png,malang,bromo,400,5.0,7am,7pm|WM2.png,malang,hawai waterpark,85,4.5,9am,5pm"
fvgbhn,5/25/24,5/27/24,"WM1.png,malang,bromo,400,5.0,7am,7pm|WM2.png,malang,hawai waterpark,85,4.5,9am,5pm"
bnm,5/25/24,5/27/24,"WM1.png,malang,bromo,400,5.0,7am,7pm|WM2.png,malang,hawai waterpark,85,4.5,9am,5pm"
asdfghj,5/25/24,5/28/24,"WM1.png,malang,bromo,400,5.0,7am,7pm|WM2.png,malang,hawai waterpark,85,4.5,9am,5pm"
fghj,5/25/24,5/28/24,"WM1.png,malang,bromo,400,5.0,7am,7pm|WM2.png,malang,hawai waterpark,85,4.5,9am,5pm"
cvbn,5/25/24,5/26/24,"WM1.png,malang,bromo,400,5.0,7am,7pm"
asdfghj,5/25/24,5/27/24,"WM1.png,malang,bromo,400,5.0,7am,7pm|WM2.png,malang,hawai waterpark,85,4.5,9am,5pm"
ccvb,5/25/24,5/26/24,"WM1.png,malang,bromo,400,5.0,7am,7pm|WM2.png,malang,hawai waterpark,85,4.5,9am,5pm"
sdfghj,5/25/24,5/28/24,"WM1.png,malang,bromo,400,5.0,7am,7pm|WM2.png,malang,hawai waterpark,85,4.5,9am,5pm"
dfghj,5/25/24,5/27/24,"WM1.png,malang,bromo,400,5.0,7am,7pm|WM2.png,malang,hawai waterpark,85,4.5,9am,5pm"
sdfgh,5/25/24,5/27/24,"WM1.png,malang,bromo,400,5.0,7am,7pm|WM2.png,malang,hawai waterpark,85,4.5,9am,5pm"
asdfg,5/25/24,5/27/24,"WM1.png,malang,bromo,400,5.0,7am,7pm|WM2.png,malang,hawai waterpark,85,4.5,9am,5pm|WM3.png,malang,pantai parang dowo,15,4.6,12am,12pm"
asdfghj,5/25/24,5/27/24,"WM1.png,malang,bromo,400,5.0,7am,7pm|WM2.png,malang,hawai waterpark,85,4.5,9am,5pm"
cvbn,5/25/24,5/28/24,"WM1.png,malang,bromo,400,5.0,7am,7pm|WM2.png,malang,hawai waterpark,85,4.5,9am,5pm"
xcvbn,5/25/24,5/28/24,"WM1.png,malang,bromo,400,5.0,7am,7pm|WM2.png,malang,hawai waterpark,85,4.5,9am,5pm"
asdfgh,5/25/24,5/27/24,"WM1.png,malang,bromo,400,5.0,7am,7pm|WM2.png,malang,hawai waterpark,85,4.5,9am,5pm"
asdfgh,5/25/24,5/28/24,"WM1.png,malang,bromo,400,5.0,7am,7pm|WM2.png,malang,hawai waterpark,85,4.5,9am,5pm"
asdfghj,5/25/24,5/28/24,"WM1.png,malang,bromo,400,5.0,7am,7pm|WM2.png,malang,hawai waterpark,85,4.5,9am,5pm|WM3.png,malang,pantai parang dowo,15,4.6,12am,12pm"
asdfghj,5/25/24,5/28/24,"WM1.png,malang,bromo,400,5.0,7am,7pm|WM2.png,malang,hawai waterpark,85,4.5,9am,5pm"
zxdfgh,5/25/24,5/28/24,"WM1.png,malang,bromo,400,5.0,7am,7pm|WM2.png,malang,hawai waterpark,85,4.5,9am,5pm|WM3.png,malang,pantai parang dowo,15,4.6,12am,12pm"
cvbn,5/25/24,5/28/24,"WM1.png,malang,bromo,400,5.0,7am,7pm|WM2.png,malang,hawai waterpark,85,4.5,9am,5pm"
sdfghj,5/25/24,5/28/24,"WM1.png,malang,bromo,400,5.0,7am,7pm|WM2.png,malang,hawai waterpark,85,4.5,9am,5pm|WM3.png,malang,pantai parang dowo,15,4.6,12am,12pm"
asdgh,5/25/24,5/28/24,"WM1.png,malang,bromo,400,5.0,7am,7pm|WM2.png,malang,hawai waterpark,85,4.5,9am,5pm"
 nm,5/25/24,5/25/24,"WM1.png,malang,bromo,400,5.0,7am,7pm"
dfghj,5/25/24,5/29/24,"WM1.png,malang,bromo,400,5.0,7am,7pm|WM2.png,malang,hawai waterpark,85,4.5,9am,5pm|WM3.png,malang,pantai parang dowo,15,4.6,12am,12pm"
cvbnm,5/25/24,5/28/24,"WM1.png,malang,bromo,400,5.0,7am,7pm|WM2.png,malang,hawai waterpark,85,4.5,9am,5pm"
JUDUL,5/25/24,5/25/24,"WM1.png,malang,bromo,400,5.0,7am,7pm"
JUDUL,5/25/24,5/25/24,"WM1.png,malang,bromo,400,5.0,7am,7pm"
JUDUL,5/25/24,5/25/24,"WM1.png,malang,bromo,400,5.0,7am,7pm"
JUDUL,5/25/24,5/25/24,"WM1.png,malang,bromo,400,5.0,7am,7pm"
JUDUL,5/25/24,5/288/24,"WM1.png,malang,bromo,400,5.0,7am,7pm"
JUDUL,5/25/24,5/25/24,"WM1.png,malang,bromo,400,5.0,7am,7pm|WM2.png,malang,hawai waterpark,85,4.5,9am,5pm|WM3.png,malang,pantai parang dowo,15,4.6,12am,12pm"
JUDUL,5/25/24,5/28/24,"WM1.png,malang,bromo,400,5.0,7am,7pm"
JUDUL,5/25/24,5/27/24,"WM1.png,malang,bromo,400,5.0,7am,7pm"
JUDUL,5/25/24,5/28/24,"WM1.png,malang,bromo,400,5.0,7am,7pm"
JUDUL,5/25/24,5/28/24,"WM1.png,malang,bromo,400,5.0,7am,7pm"
JUDUL,5/25/24,5/28/24,"WM1.png,malang,bromo,400,5.0,7am,7pm"
JUDUL,5/25/24,5/25/24,"WM1.png,malang,bromo,400,5.0,7am,7pm"
JUDUL,5/25/24,5/28/24,"WM1.png,malang,bromo,400,5.0,7am,7pm"
JUDUL,5/25/24,5/28/24,"WM1.png,malang,bromo,400,5.0,7am,7pm|WM2.png,malang,hawai waterpark,85,4.5,9am,5pm"
Dafinna,5/25/24,5/28/24,"WM1.png,malang,bromo,400,5.0,7am,7pm"
JUDUL,5/25/24,5/28/24,"WM1.png,malang,bromo,400,5.0,7am,7pm|WM2.png,malang,hawai waterpark,85,4.5,9am,5pm"
asdfgh,5/25/24,5/26/24,"WM1.png,malang,bromo,400,5.0,7am,7pm|WM2.png,malang,hawai waterpark,85,4.5,9am,5pm"
JUDUL,5/25/24,5/28/24,"WM1.png,malang,bromo,400,5.0,7am,7pm|WM2.png,malang,hawai waterpark,85,4.5,9am,5pm"
JUDUL,5/25/24,5/28/24,"WS1.png,surabaya,pantai kenjeran lama,15,4.3,7am,6pm|WS2.png,surabaya,monumen tugu pahlawan,2,4.7,8am,3pm"
LALA,5/25/24,5/28/24,"WM1.png,malang,bromo,400,5.0,7am,7pm|WM2.png,malang,hawai waterpark,85,4.5,9am,5pm"
LALA,5/25/24,5/27/24,"WM1.png,malang,bromo,400,5.0,7am,7pm|WM2.png,malang,hawai waterpark,85,4.5,9am,5pm"
judul,5/25/24,5/28/24,"WM1.png,malang,bromo,400,5.0,7am,7pm|WM2.png,malang,hawai waterpark,85,4.5,9am,5pm"
LALA,5/25/24,5/28/24,"WM1.png,malang,bromo,400,5.0,7am,7pm|WM2.png,malang,hawai waterpark,85,4.5,9am,5pm"
LALALA,5/25/24,5/28/24,"WM1.png,malang,bromo,400,5.0,7am,7pm|WM2.png,malang,hawai waterpark,85,4.5,9am,5pm"
LALA,5/25/24,5/28/24,"WM1.png,malang,bromo,400,5.0,7am,7pm|WM2.png,malang,hawai waterpark,85,4.5,9am,5pm"
LALA,5/25/24,5/28/24,"WM1.png,malang,bromo,400,5.0,7am,7pm|WM2.png,malang,hawai waterpark,85,4.5,9am,5pm"
lala,5/25/24,5/28/24,"WM1.png,malang,bromo,400,5.0,7am,7pm|WM2.png,malang,hawai waterpark,85,4.5,9am,5pm|WM3.png,malang,pantai parang dowo,15,4.6,12am,12pm"
LALA,5/25/24,5/28/24,"WM1.png,malang,bromo,400,5.0,7am,7pm|WM2.png,malang,hawai waterpark,85,4.5,9am,5pm"
lala,5/25/24,5/25/24,"WM1.png,malang,bromo,400,5.0,7am,7pm|WM2.png,malang,hawai waterpark,85,4.5,9am,5pm"
LALA,5/25/24,5/28/24,"WM1.png,malang,bromo,400,5.0,7am,7pm|WM2.png,malang,hawai waterpark,85,4.5,9am,5pm"
lalala,5/25/24,5/28/24,"WM1.png,malang,bromo,400,5.0,7am,7pm|WM2.png,malang,hawai waterpark,85,4.5,9am,5pm"
AYO PLIS LIBURAN,5/25/24,5/28/24,"WM1.png,malang,bromo,400,5.0,7am,7pm|WM2.png,malang,hawai waterpark,85,4.5,9am,5pm"
AYOO KABUR,5/25/24,5/28/24,"WM1.png,malang,bromo,400,5.0,7am,7pm|WM2.png,malang,hawai waterpark,85,4.5,9am,5pm|WM3.png,malang,pantai parang dowo,15,4.6,12am,12pm"
lala,5/25/24,5/28/24,"WM1.png,malang,bromo,400,5.0,7am,7pm|WM2.png,malang,hawai waterpark,85,4.5,9am,5pm|WM3.png,malang,pantai parang dowo,15,4.6,12am,12pm|WM4.png,malang,florawisata santerra de laponte,30,4.6,8am,5pm|WM5.png,malang,taman rekreasi selecta,50,4.5,7am,5pm"
lala,5/25/24,5/28/24,"WM1.png,malang,bromo,400,5.0,7am,7pm|WM2.png,malang,hawai waterpark,85,4.5,9am,5pm|WM3.png,malang,pantai parang dowo,15,4.6,12am,12pm|WM4.png,malang,florawisata santerra de laponte,30,4.6,8am,5pm"
lalala,5/25/24,5/28/24,"WM1.png,malang,bromo,400,5.0,7am,7pm|WM2.png,malang,hawai waterpark,85,4.5,9am,5pm|WM3.png,malang,pantai parang dowo,15,4.6,12am,12pm|WM4.png,malang,florawisata santerra de laponte,30,4.6,8am,5pm"
lalalalalalalalalalala,5/25/24,5/25/24,"WM1.png,malang,bromo,400,5.0,7am,7pm|WM2.png,malang,hawai waterpark,85,4.5,9am,5pm"
lalalaallaal,5/25/24,5/28/24,"WM4.png,malang,florawisata santerra de laponte,30,4.6,8am,5pm|WM6.png,malang,cycling & village tour in malang,583,5.0,12am,12pm|WM7.png,malang,dairyland farm theme park prigen,30,4.6,8am,5pm"
kkkk,5/25/24,5/28/24,"WM4.png,malang,florawisata santerra de laponte,30,4.6,8am,5pm|WM6.png,malang,cycling & village tour in malang,583,5.0,12am,12pm"
kk,5/25/24,5/28/24,"WM4.png,malang,florawisata santerra de laponte,30,4.6,8am,5pm|WM6.png,malang,cycling & village tour in malang,583,5.0,12am,12pm"
kkk,5/25/24,5/29/24,"WM1.png,malang,bromo,400,5.0,7am,7pm|WM4.png,malang,florawisata santerra de laponte,30,4.6,8am,5pm|WM6.png,malang,cycling & village tour in malang,583,5.0,12am,12pm"
llllll,5/25/24,5/28/24,"WM1.png,malang,bromo,400,5.0,7am,7pm|WM2.png,malang,hawai waterpark,85,4.5,9am,5pm"
jjjjjjjjj,5/25/24,5/28/24,"WM1.png,malang,bromo,400,5.0,7am,7pm|WM4.png,malang,florawisata santerra de laponte,30,4.6,8am,5pm|WM7.png,malang,dairyland farm theme park prigen,30,4.6,8am,5pm"
n,5/25/24,5/28/24,"WM7.png,malang,dairyland farm theme park prigen,30,4.6,8am,5pm|WM6.png,malang,cycling & village tour in malang,583,5.0,12am,12pm|WM4.png,malang,florawisata santerra de laponte,30,4.6,8am,5pm"
n,5/25/24,5/28/24,"WM1.png,malang,bromo,400,5.0,7am,7pm|WM2.png,malang,hawai waterpark,85,4.5,9am,5pm|WM4.png,malang,florawisata santerra de laponte,30,4.6,8am,5pm|WM7.png,malang,dairyland farm theme park prigen,30,4.6,8am,5pm"
d,5/25/24,5/25/24,"WM1.png,malang,bromo,400,5.0,7am,7pm|WM7.png,malang,dairyland farm theme park prigen,30,4.6,8am,5pm"
jjj,5/25/24,5/28/24,"WM1.png,malang,bromo,400,5.0,7am,7pm|WM4.png,malang,florawisata santerra de laponte,30,4.6,8am,5pm|WM6.png,malang,cycling & village tour in malang,583,5.0,12am,12pm|WM7.png,malang,dairyland farm theme park prigen,30,4.6,8am,5pm"
b,5/25/24,5/25/24,"WM1.png,malang,bromo,400,5.0,7am,7pm|WM4.png,malang,florawisata santerra de laponte,30,4.6,8am,5pm|WM7.png,malang,dairyland farm theme park prigen,30,4.6,8am,5pm"
f,5/25/24,5/25/24,"WM3.png,malang,pantai parang dowo,15,4.6,12am,12pm"
h,5/25/24,5/25/24,"WM1.png,malang,bromo,400,5.0,7am,7pm"
f,5/25/24,5/25/24,"WM1.png,malang,bromo,400,5.0,7am,7pm"
g,5/25/24,5/25/24,"WM7.png,malang,dairyland farm theme park prigen,30,4.6,8am,5pm"
n,5/25/24,5/25/24,"WM1.png,malang,bromo,400,5.0,7am,7pm|WM7.png,malang,dairyland farm theme park prigen,30,4.6,8am,5pm"
n,5/25/24,5/25/24,"WM5.png,malang,taman rekreasi selecta,50,4.5,7am,5pm|WM6.png,malang,cycling & village tour in malang,583,5.0,12am,12pm|WM4.png,malang,florawisata santerra de laponte,30,4.6,8am,5pm|WM3.png,malang,pantai parang dowo,15,4.6,12am,12pm"
n,5/25/24,5/25/24,"WM1.png,malang,bromo,400,5.0,7am,7pm|WM2.png,malang,hawai waterpark,85,4.5,9am,5pm|WM3.png,malang,pantai parang dowo,15,4.6,12am,12pm|WM4.png,malang,florawisata santerra de laponte,30,4.6,8am,5pm"
n,5/25/24,5/25/24,"WM1.png,malang,bromo,400,5.0,7am,7pm|WM2.png,malang,hawai waterpark,85,4.5,9am,5pm|WM3.png,malang,pantai parang dowo,15,4.6,12am,12pm|WM4.png,malang,florawisata santerra de laponte,30,4.6,8am,5pm"
v,5/25/24,5/25/24,"WM1.png,malang,bromo,400,5.0,7am,7pm|WM2.png,malang,hawai waterpark,85,4.5,9am,5pm|WM3.png,malang,pantai parang dowo,15,4.6,12am,12pm|WM4.png,malang,florawisata santerra de laponte,30,4.6,8am,5pm"
h,5/25/24,5/25/24,"WM1.png,malang,bromo,400,5.0,7am,7pm|WM2.png,malang,hawai waterpark,85,4.5,9am,5pm|WM3.png,malang,pantai parang dowo,15,4.6,12am,12pm|WM4.png,malang,florawisata santerra de laponte,30,4.6,8am,5pm"
nn,5/25/24,5/25/24,"WM1.png,malang,bromo,400,5.0,7am,7pm|WM2.png,malang,hawai waterpark,85,4.5,9am,5pm|WM3.png,malang,pantai parang dowo,15,4.6,12am,12pm|WM4.png,malang,florawisata santerra de laponte,30,4.6,8am,5pm"
k,5/25/24,5/25/24,"WM1.png,malang,bromo,400,5.0,7am,7pm|WM2.png,malang,hawai waterpark,85,4.5,9am,5pm|WM3.png,malang,pantai parang dowo,15,4.6,12am,12pm|WM4.png,malang,florawisata santerra de laponte,30,4.6,8am,5pm"
n,5/25/24,5/25/24,"WM1.png,malang,bromo,400,5.0,7am,7pm|WM2.png,malang,hawai waterpark,85,4.5,9am,5pm|WM3.png,malang,pantai parang dowo,15,4.6,12am,12pm|WM4.png,malang,florawisata santerra de laponte,30,4.6,8am,5pm"
j,5/25/24,5/25/24,"WM1.png,malang,bromo,400,5.0,7am,7pm|WM2.png,malang,hawai waterpark,85,4.5,9am,5pm|WM3.png,malang,pantai parang dowo,15,4.6,12am,12pm|WM4.png,malang,florawisata santerra de laponte,30,4.6,8am,5pm"
j,5/25/24,5/25/24,"WM1.png,malang,bromo,400,5.0,7am,7pm|WM2.png,malang,hawai waterpark,85,4.5,9am,5pm|WM3.png,malang,pantai parang dowo,15,4.6,12am,12pm|WM4.png,malang,florawisata santerra de laponte,30,4.6,8am,5pm"
LALA,5/26/24,5/29/24,"WM1.png,malang,bromo,400,5.0,7am,7pm|WM2.png,malang,hawai waterpark,85,4.5,9am,5pm|WM3.png,malang,pantai parang dowo,15,4.6,12am,12pm|WM4.png,malang,florawisata santerra de laponte,30,4.6,8am,5pm"
lala,5/26/24,5/26/24,"WM1.png,malang,bromo,400,5.0,7am,7pm|WM2.png,malang,hawai waterpark,85,4.5,9am,5pm|WM3.png,malang,pantai parang dowo,15,4.6,12am,12pm|WM4.png,malang,florawisata santerra de laponte,30,4.6,8am,5pm"
LALA,5/26/24,5/29/24,"WM1.png,malang,bromo,400,5.0,7am,7pm|WM2.png,malang,hawai waterpark,85,4.5,9am,5pm|WM3.png,malang,pantai parang dowo,15,4.6,12am,12pm|WM4.png,malang,florawisata santerra de laponte,30,4.6,8am,5pm"
asdf,5/26/24,5/29/24,"WM1.png,malang,bromo,400,5.0,7am,7pm|WM2.png,malang,hawai waterpark,85,4.5,9am,5pm|WM3.png,malang,pantai parang dowo,15,4.6,12am,12pm"
MAU KE SURABAYA,5/26/24,5/29/24,"WS1.png,surabaya,pantai kenjeran lama,15,4.3,7am,6pm"
LALA,5/26/24,5/29/24,"WB1.png,banyuwangi,pantai plengkung,10,4.5,12am,12pm|WB2.png,banyuwangi,pantai rajegwesi,5,4.4,12am,12pm|WB3.png,banyuwangi,pantai boom,5,4.4,7am,6pm"
JNJN,5/26/24,5/20/24,"WM1.png,malang,bromo,400,5.0,7am,7pm|WM3.png,malang,pantai parang dowo,15,4.6,12am,12pm|WM2.png,malang,hawai waterpark,85,4.5,9am,5pm"
OKOK,5/26/24,5/27/24,"WM1.png,malang,bromo,400,5.0,7am,7pm|WM3.png,malang,pantai parang dowo,15,4.6,12am,12pm|WM2.png,malang,hawai waterpark,85,4.5,9am,5pm"
lala,5/26/24,5/28/24,"WM1.png,malang,bromo,400,5.0,7am,7pm|WM2.png,malang,hawai waterpark,85,4.5,9am,5pm|WM3.png,malang,pantai parang dowo,15,4.6,12am,12pm|WM4.png,malang,florawisata santerra de laponte,30,4.6,8am,5pm"
sdfghj,5/26/24,5/26/24,"WM1.png,malang,bromo,400,5.0,7am,7pm|WM2.png,malang,hawai waterpark,85,4.5,9am,5pm"
k,5/26/24,5/26/24,"WM1.png,malang,bromo,400,5.0,7am,7pm"
jn,5/26/24,5/26/24,"WM1.png,malang,bromo,400,5.0,7am,7pm|WM2.png,malang,hawai waterpark,85,4.5,9am,5pm"
q,5/26/24,5/26/24,"WM1.png,malang,bromo,400,5.0,7am,7pm"
ljn,5/26/24,5/26/24,"WM1.png,malang,bromo,400,5.0,7am,7pm"
dfghj,5/26/24,5/26/24,"WM1.png,malang,bromo,400,5.0,7am,7pm"
a,5/26/24,5/26/24,"WM1.png,malang,bromo,400,5.0,7am,7pm"
as,5/26/24,5/26/24,"WM1.png,malang,bromo,400,5.0,7am,7pm"
ak,5/26/24,5/26/24,"WM1.png,malang,bromo,400,5.0,7am,7pm|WM2.png,malang,hawai waterpark,85,4.5,9am,5pm"
aq,5/26/24,5/26/24,"WM1.png,malang,bromo,400,5.0,7am,7pm|WM2.png,malang,hawai waterpark,85,4.5,9am,5pm"
aq,5/26/24,5/26/24,"WM1.png,malang,bromo,400,5.0,7am,7pm|WM2.png,malang,hawai waterpark,85,4.5,9am,5pm|WM3.png,malang,pantai parang dowo,15,4.6,12am,12pm"
omagad,5/26/24,5/26/24,"WM1.png,malang,bromo,400,5.0,7am,7pm|WM2.png,malang,hawai waterpark,85,4.5,9am,5pm|WM3.png,malang,pantai parang dowo,15,4.6,12am,12pm"
aswq,5/26/24,5/27/24,"WM1.png,malang,bromo,400,5.0,7am,7pm|WM3.png,malang,pantai parang dowo,15,4.6,12am,12pm"
aq,5/26/24,5/27/24,"WM1.png,malang,bromo,400,5.0,7am,7pm|WM2.png,malang,hawai waterpark,85,4.5,9am,5pm"
aq,5/26/24,5/26/24,"WM1.png,malang,bromo,400,5.0,7am,7pm|WM3.png,malang,pantai parang dowo,15,4.6,12am,12pm"
ajj,5/26/24,5/27/24,"WM1.png,malang,bromo,400,5.0,7am,7pm|WM2.png,malang,hawai waterpark,85,4.5,9am,5pm"
aq,5/26/24,5/26/24,"WM1.png,malang,bromo,400,5.0,7am,7pm"
wq,5/26/24,5/26/24,"WM2.png,malang,hawai waterpark,85,4.5,9am,5pm|WM3.png,malang,pantai parang dowo,15,4.6,12am,12pm"
aq,5/26/24,5/26/24,"WM2.png,malang,hawai waterpark,85,4.5,9am,5pm"
bhb,5/26/24,5/26/24,"WM1.png,malang,bromo,400,5.0,7am,7pm|WM2.png,malang,hawai waterpark,85,4.5,9am,5pm"
q,5/26/24,5/26/24,"WM1.png,malang,bromo,400,5.0,7am,7pm|WM3.png,malang,pantai parang dowo,15,4.6,12am,12pm"
jhsh,5/26/24,5/27/24,"WM2.png,malang,hawai waterpark,85,4.5,9am,5pm|WM3.png,malang,pantai parang dowo,15,4.6,12am,12pm"
kn,5/26/24,5/27/24,"WM2.png,malang,hawai waterpark,85,4.5,9am,5pm|WM4.png,malang,florawisata santerra de laponte,30,4.6,8am,5pm"
aq,5/26/24,5/27/24,"WM2.png,malang,hawai waterpark,85,4.5,9am,5pm|WM1.png,malang,bromo,400,5.0,7am,7pm"
qw,5/26/24,5/28/24,"WM3.png,malang,pantai parang dowo,15,4.6,12am,12pm|WM1.png,malang,bromo,400,5.0,7am,7pm"
LALA,5/26/24,5/29/24,"WM1.png,malang,bromo,400,5.0,7am,7pm|WM2.png,malang,hawai waterpark,85,4.5,9am,5pm|WM3.png,malang,pantai parang dowo,15,4.6,12am,12pm"
dfghj,5/26/24,5/24/24,"WM1.png,malang,bromo,400,5.0,7am,7pm|WM2.png,malang,hawai waterpark,85,4.5,9am,5pm|WM3.png,malang,pantai parang dowo,15,4.6,12am,12pm"
asdfghj,5/26/24,5/26/24,"WM1.png,malang,bromo,400,5.0,7am,7pm|WM2.png,malang,hawai waterpark,85,4.5,9am,5pm|WM3.png,malang,pantai parang dowo,15,4.6,12am,12pm"
LALA,5/26/24,5/28/24,"WM1.png,malang,bromo,400,5.0,7am,7pm|WM2.png,malang,hawai waterpark,85,4.5,9am,5pm|WM3.png,malang,pantai parang dowo,15,4.6,12am,12pm"
hui,5/26/24,5/26/24,"WM1.png,malang,bromo,400,5.0,7am,7pm"
huu,5/26/24,5/26/24,"WM1.png,malang,bromo,400,5.0,7am,7pm"
kakak,5/26/24,5/30/24,"WM1.png,malang,bromo,400,5.0,7am,7pm"
kakak,5/26/24,5/26/24,"WM1.png,malang,bromo,400,5.0,7am,7pm"
LALA,5/27/24,5/30/24,"WM1.png,malang,bromo,400,5.0,7am,7pm|WM2.png,malang,hawai waterpark,85,4.5,9am,5pm"
LALA,5/27/24,5/30/24,"WM1.png,malang,bromo,400,5.0,7am,7pm|WM2.png,malang,hawai waterpark,85,4.5,9am,5pm|WM3.png,malang,pantai parang dowo,15,4.6,12am,12pm|WM4.png,malang,florawisata santerra de laponte,30,4.6,8am,5pm"
LALA,5/27/24,5/27/24,"WM1.png,malang,bromo,400,5.0,7am,7pm|WM2.png,malang,hawai waterpark,85,4.5,9am,5pm"
LALA,5/27/24,5/27/24,"WM1.png,malang,bromo,400,5.0,7am,7pm|WM2.png,malang,hawai waterpark,85,4.5,9am,5pm"
K,5/27/24,5/27/24,"WM2.png,malang,hawai waterpark,85,4.5,9am,5pm|WM1.png,malang,bromo,400,5.0,7am,7pm"
ghjk,5/27/24,5/27/24,"WM1.png,malang,bromo,400,5.0,7am,7pm|WM2.png,malang,hawai waterpark,85,4.5,9am,5pm"
MAU JALAN JALAN,5/27/24,5/30/24,"WM1.png,malang,bromo,400,5.0,7am,7pm|WM2.png,malang,hawai waterpark,85,4.5,9am,5pm|WM3.png,malang,pantai parang dowo,15,4.6,12am,12pm"
lala,5/27/24,5/27/24,"WM1.png,malang,bromo,400,5.0,7am,7pm|WM2.png,malang,hawai waterpark,85,4.5,9am,5pm"
kakak,5/27/24,5/27/24,"WM1.png,malang,bromo,400,5.0,7am,7pm|WM2.png,malang,hawai waterpark,85,4.5,9am,5pm"
LALA,5/27/24,5/27/24,"WM1.png,malang,bromo,400,5.0,7am,7pm|WM2.png,malang,hawai waterpark,85,4.5,9am,5pm"
LALA,5/27/24,5/27/24,"WM1.png,malang,bromo,400,5.0,7am,7pm|WM2.png,malang,hawai waterpark,85,4.5,9am,5pm"
TRAY,5/27/24,5/27/24,"WM1.png,malang,bromo,400,5.0,7am,7pm|WM2.png,malang,hawai waterpark,85,4.5,9am,5pm|WM3.png,malang,pantai parang dowo,15,4.6,12am,12pm"
lala,5/27/24,5/29/24,"WM1.png,malang,bromo,400,5.0,7am,7pm|WM2.png,malang,hawai waterpark,85,4.5,9am,5pm|WM3.png,malang,pantai parang dowo,15,4.6,12am,12pm"
asdfg,5/27/24,5/27/24,"WM1.png,malang,bromo,400,5.0,7am,7pm|WM2.png,malang,hawai waterpark,85,4.5,9am,5pm"
jalan,5/27/24,5/28/24,"WM1.png,malang,bromo,400,5.0,7am,7pm|WM2.png,malang,hawai waterpark,85,4.5,9am,5pm"
LALA,5/27/24,5/28/24,"WM1.png,malang,bromo,400,5.0,7am,7pm|WM2.png,malang,hawai waterpark,85,4.5,9am,5pm"
LALA,5/27/24,5/29/24,"WM1.png,malang,bromo,400,5.0,7am,7pm|WM2.png,malang,hawai waterpark,85,4.5,9am,5pm|WM3.png,malang,pantai parang dowo,15,4.6,12am,12pm"
lala,5/28/24,5/28/24,"WM1.png,malang,bromo,400,5.0,7am,7pm|WM2.png,malang,hawai waterpark,85,4.5,9am,5pm"
bnm,5/28/24,5/28/24,"WM1.png,malang,bromo,400,5.0,7am,7pm|WM2.png,malang,hawai waterpark,85,4.5,9am,5pm"
kakak,5/28/24,5/28/24,"WM1.png,malang,bromo,400,5.0,7am,7pm|WM2.png,malang,hawai waterpark,85,4.5,9am,5pm|WM3.png,malang,pantai parang dowo,15,4.6,12am,12pm"
k,5/28/24,5/28/24,"WM1.png,malang,bromo,400,5.0,7am,7pm|WM2.png,malang,hawai waterpark,85,4.5,9am,5pm"
MAU LIBURAN SEMESTER,5/29/24,5/31/24,"WM1.png,malang,bromo,400,5.0,7am,7pm|WM2.png,malang,hawai waterpark,85,4.5,9am,5pm"
lala,5/29/24,5/29/24,"WS1.png,surabaya,pantai kenjeran lama,15,4.3,7am,6pm|WS2.png,surabaya,monumen tugu pahlawan,2,4.7,8am,3pm|WM1.png,malang,bromo,400,5.0,7am,7pm|WS3.png,surabaya,house of sampoerna,0,3.5,8am,3pm"
d,5/29/24,5/29/24,"WM1.png,malang,bromo,400,5.0,7am,7pm|WM2.png,malang,hawai waterpark,85,4.5,9am,5pm"
mau ke maalang,5/29/24,5/28/24,"WM1.png,malang,bromo,400,5.0,7am,7pm"
malang,5/29/24,5/29/24,"WM1.png,malang,bromo,400,5.0,7am,7pm"
la,5/29/24,5/29/24,"WM1.png,malang,bromo,400,5.0,7am,7pm|WM2.png,malang,hawai waterpark,85,4.5,9am,5pm|WM3.png,malang,pantai parang dowo,15,4.6,12am,12pm"
hallo,5/29/24,5/29/24,"WS1.png,surabaya,pantai kenjeran lama,15,4.3,7am,6pm"
la,5/29/24,5/29/24,"WM1.png,malang,bromo,400,5.0,7am,7pm|WM2.png,malang,hawai waterpark,85,4.5,9am,5pm"
m,5/29/24,5/29/24,"WM1.png,malang,bromo,400,5.0,7am,7pm|WM2.png,malang,hawai waterpark,85,4.5,9am,5pm"
j,5/29/24,5/29/24,"WM1.png,malang,bromo,400,5.0,7am,7pm"
j,5/29/24,5/29/24,"WM1.png,malang,bromo,400,5.0,7am,7pm|WM2.png,malang,hawai waterpark,85,4.5,9am,5pm|WM6.png,malang,cycling & village tour in malang,583,5.0,12am,12pm"
n,5/29/24,5/29/24,"WM1.png,malang,bromo,400,5.0,7am,7pm|WM2.png,malang,hawai waterpark,85,4.5,9am,5pm|WM18.png,malang,milenial glow garden,80,4.7,11am,8pm"
la,5/29/24,5/29/24,"WS1.png,surabaya,pantai kenjeran lama,15,4.3,7am,6pm|WS16.png,surabaya,pelabuhan tanjung perak,0,4.3,9am,9pm"
haii,5/29/24,5/29/24,"WS1.png,surabaya,pantai kenjeran lama,15,4.3,7am,6pm|WS3.png,surabaya,house of sampoerna,0,3.5,8am,3pm"
lala,5/29/24,5/30/24,"WM1.png,malang,bromo,400,5.0,7am,7pm|WM2.png,malang,hawai waterpark,85,4.5,9am,5pm|WM3.png,malang,pantai parang dowo,15,4.6,12am,12pm"
m,5/29/24,5/29/24,"WB1.png,banyuwangi,pantai plengkung,10,4.5,12am,12pm"
lala,5/30/24,5/31/24,"WM1.png,malang,bromo,400,5.0,7am,7pm|WM2.png,malang,hawai waterpark,85,4.5,9am,5pm|WM3.png,malang,pantai parang dowo,15,4.6,12am,12pm"
hj,5/30/24,5/30/24,"WM1.png,malang,bromo,400,5.0,7am,7pm|WM2.png,malang,hawai waterpark,85,4.5,9am,5pm"
n,5/30/24,5/30/24,"WM1.png,malang,bromo,400,5.0,7am,7pm"
n,5/30/24,5/30/24,"WM1.png,malang,bromo,400,5.0,7am,7pm"
bn,5/30/24,5/30/24,"WM1.png,malang,bromo,400,5.0,7am,7pm"
m,5/30/24,5/30/24,"WM1.png,malang,bromo,400,5.0,7am,7pm"
n,5/30/24,5/30/24,"WM1.png,malang,bromo,400,5.0,7am,7pm"
m,5/30/24,5/30/24,"WM1.png,malang,bromo,400,5.0,7am,7pm"
n,5/30/24,5/30/24,"WM1.png,malang,bromo,400,5.0,7am,7pm"
n,5/30/24,5/30/24,"WM1.png,malang,bromo,400,5.0,7am,7pm"
n,5/30/24,5/30/24,"WM1.png,malang,bromo,400,5.0,7am,7pm"
n,5/30/24,5/30/24,"WM1.png,malang,bromo,400,5.0,7am,7pm"
n,5/30/24,5/30/24,"WM1.png,malang,bromo,400,5.0,7am,7pm"
m,5/30/24,5/30/24,"WM1.png,malang,bromo,400,5.0,7am,7pm|WM2.png,malang,hawai waterpark,85,4.5,9am,5pm"
n,5/30/24,5/30/24,"WM1.png,malang,bromo,400,5.0,7am,7pm"
n,5/30/24,5/30/24,"WM1.png,malang,bromo,400,5.0,7am,7pm"
m,5/30/24,5/30/24,"WM1.png,malang,bromo,400,5.0,7am,7pm|WM2.png,malang,hawai waterpark,85,4.5,9am,5pm"
n,5/30/24,5/30/24,"WM1.png,malang,bromo,400,5.0,7am,7pm|WM2.png,malang,hawai waterpark,85,4.5,9am,5pm"
lala,5/30/24,5/30/24,"WM1.png,malang,bromo,400,5.0,7am,7pm|WM2.png,malang,hawai waterpark,85,4.5,9am,5pm"
m,5/30/24,5/30/24,"WM1.png,malang,bromo,400,5.0,7am,7pm|WM2.png,malang,hawai waterpark,85,4.5,9am,5pm"
m,5/31/24,5/31/24,"WM1.png,malang,bromo,400,5.0,7am,7pm|WM6.png,malang,cycling & village tour in malang,583,5.0,12am,12pm"
n,5/31/24,5/31/24,"WM1.png,malang,bromo,400,5.0,7am,7pm|WM2.png,malang,hawai waterpark,85,4.5,9am,5pm"
k,5/31/24,5/31/24,"WM1.png,malang,bromo,400,5.0,7am,7pm|WM6.png,malang,cycling & village tour in malang,583,5.0,12am,12pm"
lla,5/31/24,5/31/24,"WM1.png,malang,bromo,400,5.0,7am,7pm"
m,6/1/24,6/1/24,"WM1.png,malang,bromo,400,5.0,7am,7pm|WM6.png,malang,cycling & village tour in malang,583,5.0,12am,12pm|WM10.png,malang,jatim park 2,135,4.7,8am,5pm"
j,6/1/24,6/1/24,"WM1.png,malang,bromo,400,5.0,7am,7pm|WM2.png,malang,hawai waterpark,85,4.5,9am,5pm"
mn,6/1/24,6/1/24,"WM1.png,malang,bromo,400,5.0,7am,7pm|WM2.png,malang,hawai waterpark,85,4.5,9am,5pm|WM3.png,malang,pantai parang dowo,15,4.6,12am,12pm"
m,6/1/24,6/1/24,"WM1.png,malang,bromo,400,5.0,7am,7pm|WM2.png,malang,hawai waterpark,85,4.5,9am,5pm"
m,6/1/24,6/1/24,"WM1.png,malang,bromo,400,5.0,7am,7pm|WM6.png,malang,cycling & village tour in malang,583,5.0,12am,12pm|WM10.png,malang,jatim park 2,135,4.7,8am,5pm"
ms,6/1/24,6/1/24,"WM1.png,malang,bromo,400,5.0,7am,7pm|WM2.png,malang,hawai waterpark,85,4.5,9am,5pm|WM3.png,malang,pantai parang dowo,15,4.6,12am,12pm"
m,6/1/24,6/1/24,"WM1.png,malang,bromo,400,5.0,7am,7pm|WM2.png,malang,hawai waterpark,85,4.5,9am,5pm|WM3.png,malang,pantai parang dowo,15,4.6,12am,12pm"
m,6/1/24,6/1/24,"WM1.png,malang,bromo,400,5.0,7am,7pm|WM2.png,malang,hawai waterpark,85,4.5,9am,5pm"
m,6/1/24,6/1/24,"WM1.png,malang,bromo,400,5.0,7am,7pm|WM2.png,malang,hawai waterpark,85,4.5,9am,5pm"
j,6/1/24,6/1/24,"WM1.png,malang,bromo,400,5.0,7am,7pm|WM2.png,malang,hawai waterpark,85,4.5,9am,5pm"
m,6/1/24,6/1/24,"WM1.png,malang,bromo,400,5.0,7am,7pm|WM2.png,malang,hawai waterpark,85,4.5,9am,5pm"
la,6/1/24,6/1/24,"WM1.png,malang,bromo,400,5.0,7am,7pm|WM2.png,malang,hawai waterpark,85,4.5,9am,5pm"
lala,6/1/24,6/4/24,"WM1.png,malang,bromo,400,5.0,7am,7pm|WM2.png,malang,hawai waterpark,85,4.5,9am,5pm|WM3.png,malang,pantai parang dowo,15,4.6,12am,12pm|WM4.png,malang,florawisata santerra de laponte,30,4.6,8am,5pm|WM5.png,malang,taman rekreasi selecta,50,4.5,7am,5pm|WM6.png,malang,cycling & village tour in malang,583,5.0,12am,12pm"
n,6/1/24,6/2/24,"WM1.png,malang,bromo,400,5.0,7am,7pm|WM2.png,malang,hawai waterpark,85,4.5,9am,5pm|WM3.png,malang,pantai parang dowo,15,4.6,12am,12pm|WM4.png,malang,florawisata santerra de laponte,30,4.6,8am,5pm"
p,6/5/24,6/5/24,"WS15.png,surabaya,atlantis land kenjeran,100,4.2,10am,6pm|WS19.png,surabaya,pagoda tian ti,0,4.3,12am,12pm"
lala,6/1/24,6/11/24,"WM1.png,malang,bromo,400,5.0,7am,7pm|WM2.png,malang,hawai waterpark,85,4.5,9am,5pm|WM3.png,malang,pantai parang dowo,15,4.6,12am,12pm|WM4.png,malang,florawisata santerra de laponte,30,4.6,8am,5pm"
lala,6/1/24,6/3/24,"WM1.png,malang,bromo,400,5.0,7am,7pm|WM2.png,malang,hawai waterpark,85,4.5,9am,5pm|WM3.png,malang,pantai parang dowo,15,4.6,12am,12pm|WM4.png,malang,florawisata santerra de laponte,30,4.6,8am,5pm|WM5.png,malang,taman rekreasi selecta,50,4.5,7am,5pm"
bn,6/7/24,6/9/24,"WS1.png,surabaya,pantai kenjeran lama,15,4.3,7am,6pm|WS9.png,surabaya,balai pemuda surabaya,0,4.7,9am,9pm|WS16.png,surabaya,pelabuhan tanjung perak,0,4.3,9am,9pm"
n,6/7/24,6/7/24,"WM1.png,malang,bromo,400,5.0,7am,7pm|WM2.png,malang,hawai waterpark,85,4.5,9am,5pm"
n,6/7/24,6/7/24,"WM2.png,malang,hawai waterpark,85,4.5,9am,5pm"
vbSJDSJ,6/7/24,6/9/24,"WM1.png,malang,bromo,400,5.0,7am,7pm|WM2.png,malang,hawai waterpark,85,4.5,9am,5pm|WM3.png,malang,pantai parang dowo,15,4.6,12am,12pm"
j,6/7/24,6/7/24,"WM1.png,malang,bromo,400,5.0,7am,7pm"
n,6/7/24,6/7/24,"WM1.png,malang,bromo,400,5.0,7am,7pm"
x,6/7/24,6/7/24,"WM1.png,malang,bromo,400,5.0,7am,7pm"
m,6/7/24,6/7/24,"WM1.png,malang,bromo,400,5.0,7am,7pm"
n,6/7/24,6/7/24,"WM1.png,malang,bromo,400,5.0,7am,7pm"
m,6/7/24,6/7/24,"WM1.png,malang,bromo,400,5.0,7am,7pm"
j,6/7/24,6/7/24,"WM1.png,malang,bromo,400,5.0,7am,7pm"
m,6/7/24,6/7/24,"WM1.png,malang,bromo,400,5.0,7am,7pm"
n,6/7/24,6/9/24,"WM1.png,malang,bromo,400,5.0,7am,7pm|WM2.png,malang,hawai waterpark,85,4.5,9am,5pm|WM3.png,malang,pantai parang dowo,15,4.6,12am,12pm"
n,6/7/24,6/7/24,"WM1.png,malang,bromo,400,5.0,7am,7pm|WM2.png,malang,hawai waterpark,85,4.5,9am,5pm"
lala,6/8/24,6/8/24,"WM1.png,malang,bromo,400,5.0,7am,7pm"
lala,6/8/24,6/10/24,"WM1.png,malang,bromo,400,5.0,7am,7pm|WM6.png,malang,cycling & village tour in malang,583,5.0,12am,12pm|WM10.png,malang,jatim park 2,135,4.7,8am,5pm"
lala,6/8/24,6/8/24,"WM1.png,malang,bromo,400,5.0,7am,7pm|WM2.png,malang,hawai waterpark,85,4.5,9am,5pm"
j,6/8/24,6/8/24,"WS1.png,surabaya,pantai kenjeran lama,15,4.3,7am,6pm|WS2.png,surabaya,monumen tugu pahlawan,2,4.7,8am,3pm"
n,6/8/24,6/8/24,"WM1.png,malang,bromo,400,5.0,7am,7pm"
h,6/8/24,6/8/24,"WM1.png,malang,bromo,400,5.0,7am,7pm"
l,6/8/24,6/8/24,"WM1.png,malang,bromo,400,5.0,7am,7pm"
lal,6/8/24,6/8/24,"WM1.png,malang,bromo,400,5.0,7am,7pm"
MAU KE MALANG,6/8/24,6/8/24,"WM1.png,malang,bromo,400,5.0,7am,7pm"
n,6/8/24,6/8/24,"WM1.png,malang,bromo,400,5.0,7am,7pm"
lala,6/8/24,6/8/24,"WM1.png,malang,bromo,400,5.0,7am,7pm"
lala,6/8/24,6/8/24,"WS1.png,surabaya,pantai kenjeran lama,15,4.3,7am,6pm|WS2.png,surabaya,monumen tugu pahlawan,2,4.7,8am,3pm"
lala,6/8/24,6/8/24,"WM1.png,malang,bromo,400,5.0,7am,7pm"
nn,6/8/24,6/8/24,"WM1.png,malang,bromo,400,5.0,7am,7pm"
j,6/8/24,6/8/24,"WM1.png,malang,bromo,400,5.0,7am,7pm"
nnaa,6/8/24,6/8/24,"WM1.png,malang,bromo,400,5.0,7am,7pm"
kakak,6/8/24,6/8/24,"WM1.png,malang,bromo,400,5.0,7am,7pm|WM2.png,malang,hawai waterpark,85,4.5,9am,5pm"
snshn,6/8/24,6/8/24,"WM1.png,malang,bromo,400,5.0,7am,7pm"
LALA,6/8/24,6/8/24,"WM1.png,malang,bromo,400,5.0,7am,7pm"
lala,6/8/24,6/8/24,"WM1.png,malang,bromo,400,5.0,7am,7pm"
mau ke bromooo,6/8/24,6/8/24,"WM1.png,malang,bromo,400,5.0,7am,7pm"
Healing ke Malang,6/8/24,6/9/24,"WM1.png,malang,bromo,400,5.0,7am,7pm|WM2.png,malang,hawai waterpark,85,4.5,9am,5pm|WM20.png,malang,museum angkut,99,4.7,11am,8pm"
mau ke bromo,6/8/24,6/8/24,"WM1.png,malang,bromo,400,5.0,7am,7pm"
kaka,6/8/24,6/8/24,"WM1.png,malang,bromo,400,5.0,7am,7pm"
kakak,6/8/24,6/9/24,"WM1.png,malang,bromo,400,5.0,7am,7pm"
lala,6/8/24,6/8/24,"WM1.png,malang,bromo,400,5.0,7am,7pm"
jsjads,6/8/24,6/8/24,"WM1.png,malang,bromo,400,5.0,7am,7pm|WS1.png,surabaya,pantai kenjeran lama,15,4.3,7am,6pm|WS2.png,surabaya,monumen tugu pahlawan,2,4.7,8am,3pm"
dhj,6/8/24,6/8/24,"WM1.png,malang,bromo,400,5.0,7am,7pm|WS1.png,surabaya,pantai kenjeran lama,15,4.3,7am,6pm|WS2.png,surabaya,monumen tugu pahlawan,2,4.7,8am,3pm|WM2.png,malang,hawai waterpark,85,4.5,9am,5pm|WM3.png,malang,pantai parang dowo,15,4.6,12am,12pm"
cvbnm,6/9/24,6/9/24,"WM1.png,malang,bromo,400,5.0,7am,7pm|WM6.png,malang,cycling & village tour in malang,583,5.0,12am,12pm"
dfgh,6/9/24,6/9/24,"WM1.png,malang,bromo,400,5.0,7am,7pm|WM6.png,malang,cycling & village tour in malang,583,5.0,12am,12pm|WS1.png,surabaya,pantai kenjeran lama,15,4.3,7am,6pm|WS2.png,surabaya,monumen tugu pahlawan,2,4.7,8am,3pm"
ssdb,6/9/24,6/9/24,"WM1.png,malang,bromo,400,5.0,7am,7pm"
fghj,6/9/24,6/9/24,"WM1.png,malang,bromo,400,5.0,7am,7pm"
lala,6/9/24,6/9/24,"WM1.png,malang,bromo,400,5.0,7am,7pm"
dfg,6/9/24,6/9/24,"WM1.png,malang,bromo,400,5.0,7am,7pm|WM2.png,malang,hawai waterpark,85,4.5,9am,5pm"
vbn,6/9/24,6/9/24,"WM1.png,malang,bromo,400,5.0,7am,7pm"
ok,6/9/24,6/10/24,"WM1.png,malang,bromo,400,5.0,7am,7pm|WM2.png,malang,hawai waterpark,85,4.5,9am,5pm"
asa,6/9/24,6/10/24,"WM1.png,malang,bromo,400,5.0,7am,7pm|WM2.png,malang,hawai waterpark,85,4.5,9am,5pm"
hyaahhaa,6/9/24,6/12/24,"WM1.png,malang,bromo,400,5.0,7am,7pm|WM3.png,malang,pantai parang dowo,15,4.6,12am,12pm"
ok,6/9/24,6/9/24,"WM1.png,malang,bromo,400,5.0,7am,7pm|WM3.png,malang,pantai parang dowo,15,4.6,12am,12pm|WM2.png,malang,hawai waterpark,85,4.5,9am,5pm"
lala,6/9/24,6/10/24,"WM1.png,malang,bromo,400,5.0,7am,7pm|WM2.png,malang,hawai waterpark,85,4.5,9am,5pm"
q,6/9/24,6/12/24,"WM1.png,malang,bromo,400,5.0,7am,7pm|WM2.png,malang,hawai waterpark,85,4.5,9am,5pm"
hj,6/9/24,6/10/24,"WM1.png,malang,bromo,400,5.0,7am,7pm|WM3.png,malang,pantai parang dowo,15,4.6,12am,12pm"
qa,6/9/24,6/10/24,"WM1.png,malang,bromo,400,5.0,7am,7pm|WM1.png,malang,bromo,400,5.0,7am,7pm|WM2.png,malang,hawai waterpark,85,4.5,9am,5pm"
ahshs,6/9/24,6/12/24,"WM1.png,malang,bromo,400,5.0,7am,7pm|WM3.png,malang,pantai parang dowo,15,4.6,12am,12pm"
jahaja,6/9/24,6/13/24,"WM1.png,malang,bromo,400,5.0,7am,7pm|WM2.png,malang,hawai waterpark,85,4.5,9am,5pm"
aq,6/9/24,6/10/24,"WM1.png,malang,bromo,400,5.0,7am,7pm|WM3.png,malang,pantai parang dowo,15,4.6,12am,12pm"
aq,6/9/24,6/12/24,"WM1.png,malang,bromo,400,5.0,7am,7pm|WM2.png,malang,hawai waterpark,85,4.5,9am,5pm"
qwe,6/9/24,6/19/24,"WM1.png,malang,bromo,400,5.0,7am,7pm|WM2.png,malang,hawai waterpark,85,4.5,9am,5pm"
qwq,6/9/24,6/12/24,"WM1.png,malang,bromo,400,5.0,7am,7pm|WM3.png,malang,pantai parang dowo,15,4.6,12am,12pm"
yah,6/9/24,6/12/24,"WM1.png,malang,bromo,400,5.0,7am,7pm|WM2.png,malang,hawai waterpark,85,4.5,9am,5pm"
qa,6/9/24,6/9/24,"WM1.png,malang,bromo,400,5.0,7am,7pm|WM2.png,malang,hawai waterpark,85,4.5,9am,5pm"
ok,6/9/24,6/9/24,"WM1.png,malang,bromo,400,5.0,7am,7pm|WM2.png,malang,hawai waterpark,85,4.5,9am,5pm"
qww,6/9/24,6/10/24,"WM1.png,malang,bromo,400,5.0,7am,7pm|WM3.png,malang,pantai parang dowo,15,4.6,12am,12pm"
oka,6/9/24,6/10/24,"WM1.png,malang,bromo,400,5.0,7am,7pm|WM2.png,malang,hawai waterpark,85,4.5,9am,5pm"
ok,6/9/24,6/10/24,"WM1.png,malang,bromo,400,5.0,7am,7pm|WM2.png,malang,hawai waterpark,85,4.5,9am,5pm"
qww,6/9/24,6/9/24,"WM1.png,malang,bromo,400,5.0,7am,7pm|WM2.png,malang,hawai waterpark,85,4.5,9am,5pm"
aqq,6/9/24,6/9/24,"WM1.png,malang,bromo,400,5.0,7am,7pm|WM2.png,malang,hawai waterpark,85,4.5,9am,5pm"
lala,6/9/24,6/9/24,"WM1.png,malang,bromo,400,5.0,7am,7pm|WM2.png,malang,hawai waterpark,85,4.5,9am,5pm"
aq,6/9/24,6/9/24,"WM1.png,malang,bromo,400,5.0,7am,7pm|WM2.png,malang,hawai waterpark,85,4.5,9am,5pm|WM3.png,malang,pantai parang dowo,15,4.6,12am,12pm"
aq,6/9/24,6/9/24,"WM1.png,malang,bromo,400,5.0,7am,7pm|WM2.png,malang,hawai waterpark,85,4.5,9am,5pm|WM3.png,malang,pantai parang dowo,15,4.6,12am,12pm"
aq,6/9/24,6/9/24,"WM1.png,malang,bromo,400,5.0,7am,7pm|WM2.png,malang,hawai waterpark,85,4.5,9am,5pm"
aq,6/9/24,6/10/24,"WM2.png,malang,hawai waterpark,85,4.5,9am,5pm|WM1.png,malang,bromo,400,5.0,7am,7pm"
aq,6/9/24,6/10/24,"WM1.png,malang,bromo,400,5.0,7am,7pm|WM2.png,malang,hawai waterpark,85,4.5,9am,5pm"
aq,6/9/24,6/10/24,"WM1.png,malang,bromo,400,5.0,7am,7pm|WM2.png,malang,hawai waterpark,85,4.5,9am,5pm"
aw,6/9/24,6/9/24,"WM1.png,malang,bromo,400,5.0,7am,7pm|WM2.png,malang,hawai waterpark,85,4.5,9am,5pm"
aw,6/9/24,6/9/24,"WM1.png,malang,bromo,400,5.0,7am,7pm|WM2.png,malang,hawai waterpark,85,4.5,9am,5pm"
aw,6/9/24,6/9/24,"WM1.png,malang,bromo,400,5.0,7am,7pm|WM2.png,malang,hawai waterpark,85,4.5,9am,5pm"
awe,6/9/24,6/12/24,"WM1.png,malang,bromo,400,5.0,7am,7pm|WM2.png,malang,hawai waterpark,85,4.5,9am,5pm"
aww,6/9/24,6/13/24,"WM1.png,malang,bromo,400,5.0,7am,7pm|WM2.png,malang,hawai waterpark,85,4.5,9am,5pm"
aqw,6/9/24,6/12/24,"WM1.png,malang,bromo,400,5.0,7am,7pm|WM2.png,malang,hawai waterpark,85,4.5,9am,5pm"
aq,6/9/24,6/13/24,"WM1.png,malang,bromo,400,5.0,7am,7pm|WM2.png,malang,hawai waterpark,85,4.5,9am,5pm"
wq,6/9/24,6/12/24,"WM1.png,malang,bromo,400,5.0,7am,7pm|WM2.png,malang,hawai waterpark,85,4.5,9am,5pm"
qw,6/9/24,6/11/24,"WM1.png,malang,bromo,400,5.0,7am,7pm|WM2.png,malang,hawai waterpark,85,4.5,9am,5pm"
aqw,6/9/24,6/12/24,"WM1.png,malang,bromo,400,5.0,7am,7pm|WM2.png,malang,hawai waterpark,85,4.5,9am,5pm"
aqw,6/9/24,6/12/24,"WM1.png,malang,bromo,400,5.0,7am,7pm|WM2.png,malang,hawai waterpark,85,4.5,9am,5pm"
aww,6/9/24,6/12/24,"WM1.png,malang,bromo,400,5.0,7am,7pm|WM2.png,malang,hawai waterpark,85,4.5,9am,5pm"
nakam,6/9/24,6/11/24,"WM1.png,malang,bromo,400,5.0,7am,7pm|WM2.png,malang,hawai waterpark,85,4.5,9am,5pm"
bhb,6/9/24,6/10/24,"WM1.png,malang,bromo,400,5.0,7am,7pm|WM2.png,malang,hawai waterpark,85,4.5,9am,5pm|WM4.png,malang,florawisata santerra de laponte,30,4.6,8am,5pm"
a,6/9/24,6/9/24,"WM1.png,malang,bromo,400,5.0,7am,7pm|WM2.png,malang,hawai waterpark,85,4.5,9am,5pm"
lala,6/9/24,6/9/24,"WM1.png,malang,bromo,400,5.0,7am,7pm"
kaka,6/9/24,6/9/24,"WM1.png,malang,bromo,400,5.0,7am,7pm|WM2.png,malang,hawai waterpark,85,4.5,9am,5pm"
Judul,6/9/24,6/10/24,"WS1.png,surabaya,pantai kenjeran lama,15,4.3,7am,6pm|WS16.png,surabaya,pelabuhan tanjung perak,0,4.3,9am,9pm"
vbj,6/9/24,6/9/24,"WM1.png,malang,bromo,400,5.0,7am,7pm"
bvj,6/9/24,6/9/24,"WM1.png,malang,bromo,400,5.0,7am,7pm"
lala,6/9/24,6/9/24,"WM1.png,malang,bromo,400,5.0,7am,7pm|WM2.png,malang,hawai waterpark,85,4.5,9am,5pm"
nm,6/9/24,6/9/24,"WM1.png,malang,bromo,400,5.0,7am,7pm"
hhj,6/9/24,6/10/24,"WM1.png,malang,bromo,400,5.0,7am,7pm"
fg,6/9/24,6/9/24,"WM1.png,malang,bromo,400,5.0,7am,7pm"
lala,6/9/24,6/9/24,"WM1.png,malang,bromo,400,5.0,7am,7pm|WM2.png,malang,hawai waterpark,85,4.5,9am,5pm"
v,6/9/24,6/9/24,"WM1.png,malang,bromo,400,5.0,7am,7pm"
j,6/9/24,6/9/24,"WM1.png,malang,bromo,400,5.0,7am,7pm|WS1.png,surabaya,pantai kenjeran lama,15,4.3,7am,6pm"
gh,6/9/24,6/9/24,"WM1.png,malang,bromo,400,5.0,7am,7pm|WS1.png,surabaya,pantai kenjeran lama,15,4.3,7am,6pm"
bn,6/9/24,6/9/24,"WM1.png,malang,bromo,400,5.0,7am,7pm|WM2.png,malang,hawai waterpark,85,4.5,9am,5pm"
lala,6/9/24,6/9/24,"WM1.png,malang,bromo,400,5.0,7am,7pm|WM2.png,malang,hawai waterpark,85,4.5,9am,5pm"
b,6/9/24,6/9/24,"WS1.png,surabaya,pantai kenjeran lama,15,4.3,7am,6pm|WS2.png,surabaya,monumen tugu pahlawan,2,4.7,8am,3pm"
b,6/9/24,6/9/24,"WM1.png,malang,bromo,400,5.0,7am,7pm"
d,6/9/24,6/9/24,"WM1.png,malang,bromo,400,5.0,7am,7pm"
m,6/9/24,6/9/24,"WM1.png,malang,bromo,400,5.0,7am,7pm"
b,6/9/24,6/9/24,"WM1.png,malang,bromo,400,5.0,7am,7pm"
lala,6/10/24,6/10/24,"WM1.png,malang,bromo,400,5.0,7am,7pm|WM2.png,malang,hawai waterpark,85,4.5,9am,5pm"
lala,6/10/24,6/12/24,"WM1.png,malang,bromo,400,5.0,7am,7pm"
Lala,6/10/24,6/10/24,"WM1.png,malang,bromo,400,5.0,7am,7pm"
LALA,6/10/24,6/10/24,"WM1.png,malang,bromo,400,5.0,7am,7pm"
LALA,6/10/24,6/10/24,"WM1.png,malang,bromo,400,5.0,7am,7pm"
LALA,6/10/24,6/10/24,"WM1.png,malang,bromo,400,5.0,7am,7pm"
Lala,6/10/24,6/10/24,"WS1.png,surabaya,pantai kenjeran lama,15,4.3,7am,6pm"
Lala,6/10/24,6/10/24,"WM1.png,malang,bromo,400,5.0,7am,7pm|WM2.png,malang,hawai waterpark,85,4.5,9am,5pm"
lala,6/10/24,6/10/24,"WM1.png,malang,bromo,400,5.0,7am,7pm"
MAU KE MALANG,6/10/24,6/14/24,"WM1.png,malang,bromo,400,5.0,7am,7pm|WM2.png,malang,hawai waterpark,85,4.5,9am,5pm"
LALA,6/10/24,6/10/24,"WM1.png,malang,bromo,400,5.0,7am,7pm"
hj,6/10/24,6/10/24,"WM1.png,malang,bromo,400,5.0,7am,7pm"
lala,6/10/24,6/10/24,"WM1.png,malang,bromo,400,5.0,7am,7pm"
BROMO,6/10/24,6/10/24,"WM1.png,malang,bromo,400,5.0,7am,7pm"
kakak,6/10/24,6/10/24,"WM1.png,malang,bromo,400,5.0,7am,7pm"
lala,6/10/24,6/10/24,"WM1.png,malang,bromo,400,5.0,7am,7pm"
nmd,6/10/24,6/10/24,"WM1.png,malang,bromo,400,5.0,7am,7pm"
d,6/10/24,6/10/24,"WM1.png,malang,bromo,400,5.0,7am,7pm"
m,6/10/24,6/10/24,"WM1.png,malang,bromo,400,5.0,7am,7pm"
er,6/10/24,6/10/24,"WM1.png,malang,bromo,400,5.0,7am,7pm"
f,6/10/24,6/10/24,"WM1.png,malang,bromo,400,5.0,7am,7pm"
s,6/10/24,6/10/24,"WM1.png,malang,bromo,400,5.0,7am,7pm"
sd,6/10/24,6/10/24,"WM1.png,malang,bromo,400,5.0,7am,7pm"
df,6/10/24,6/10/24,"WM1.png,malang,bromo,400,5.0,7am,7pm"
ffd,6/10/24,6/10/24,"WM1.png,malang,bromo,400,5.0,7am,7pm"
sd,6/10/24,6/10/24,"WM1.png,malang,bromo,400,5.0,7am,7pm"
 m,6/10/24,6/10/24,"WM1.png,malang,bromo,400,5.0,7am,7pm"
WWWWWWWWWWWA,6/10/24,6/10/24,"WM1.png,malang,bromo,400,5.0,7am,7pm|WM2.png,malang,hawai waterpark,85,4.5,9am,5pm"
WWWWWWWWWWA,6/10/24,6/13/24,"WM1.png,malang,bromo,400,5.0,7am,7pm|WM2.png,malang,hawai waterpark,85,4.5,9am,5pm"
sdsdsfew,6/10/24,6/10/24,"WM1.png,malang,bromo,400,5.0,7am,7pm|WM2.png,malang,hawai waterpark,85,4.5,9am,5pm"
AAAAAAAAAA,6/10/24,6/10/24,"WM1.png,malang,bromo,400,5.0,7am,7pm"
AAAAAAAAAAAAAAA,6/10/24,6/10/24,"WM1.png,malang,bromo,400,5.0,7am,7pm"
LALA,6/10/24,6/10/24,"WM1.png,malang,bromo,400,5.0,7am,7pm"
lala,6/10/24,6/11/24,"WM1.png,malang,bromo,400,5.0,7am,7pm"
lala,6/10/24,6/10/24,"WM1.png,malang,bromo,400,5.0,7am,7pm"
mm,6/10/24,6/10/24,"WM1.png,malang,bromo,400,5.0,7am,7pm"
LALA,6/10/24,6/10/24,"WM1.png,malang,bromo,400,5.0,7am,7pm|WM2.png,malang,hawai waterpark,85,4.5,9am,5pm"
JK,6/10/24,6/10/24,"WM1.png,malang,bromo,400,5.0,7am,7pm|WM2.png,malang,hawai waterpark,85,4.5,9am,5pm"
lala,6/10/24,6/10/24,"WM1.png,malang,bromo,400,5.0,7am,7pm"
SD,6/10/24,6/10/24,"WM1.png,malang,bromo,400,5.0,7am,7pm|WM4.png,malang,florawisata santerra de laponte,30,4.6,8am,5pm"
n bn,6/10/24,6/10/24,"WM1.png,malang,bromo,400,5.0,7am,7pm"
sd,6/10/24,6/10/24,"WM1.png,malang,bromo,400,5.0,7am,7pm|WM2.png,malang,hawai waterpark,85,4.5,9am,5pm"
sd,6/10/24,6/10/24,"WM1.png,malang,bromo,400,5.0,7am,7pm|WM2.png,malang,hawai waterpark,85,4.5,9am,5pm"
ak,6/10/24,6/10/24,"WM1.png,malang,bromo,400,5.0,7am,7pm|WM2.png,malang,hawai waterpark,85,4.5,9am,5pm"
lala,6/10/24,6/10/24,"WM1.png,malang,bromo,400,5.0,7am,7pm"
lala,6/10/24,6/10/24,"WM1.png,malang,bromo,400,5.0,7am,7pm"
fdhjh,6/10/24,6/10/24,"WM1.png,malang,bromo,400,5.0,7am,7pm"
sd,6/10/24,6/10/24,"WM1.png,malang,bromo,400,5.0,7am,7pm"
lala,6/10/24,6/10/24,"WM1.png,malang,bromo,400,5.0,7am,7pm|WM2.png,malang,hawai waterpark,85,4.5,9am,5pm"
dds,6/10/24,6/10/24,"WM1.png,malang,bromo,400,5.0,7am,7pm"
LALA,6/10/24,6/10/24,"WM1.png,malang,bromo,400,5.0,7am,7pm"
skdk,6/10/24,6/10/24,"WM1.png,malang,bromo,400,5.0,7am,7pm"
wdghajj,6/10/24,6/10/24,"WM1.png,malang,bromo,400,5.0,7am,7pm|WM2.png,malang,hawai waterpark,85,4.5,9am,5pm"
s d,6/10/24,6/10/24,"WM1.png,malang,bromo,400,5.0,7am,7pm"
asd,6/10/24,6/10/24,"WM1.png,malang,bromo,400,5.0,7am,7pm"
mm,6/10/24,6/10/24,"WM1.png,malang,bromo,400,5.0,7am,7pm"
kkkj,6/10/24,6/10/24,"WM1.png,malang,bromo,400,5.0,7am,7pm"
jusw,6/10/24,6/10/24,"WM1.png,malang,bromo,400,5.0,7am,7pm"
sd,6/10/24,6/10/24,"WM1.png,malang,bromo,400,5.0,7am,7pm"
dsg,6/10/24,6/10/24,"WM1.png,malang,bromo,400,5.0,7am,7pm|WM2.png,malang,hawai waterpark,85,4.5,9am,5pm"
dswf,6/10/24,6/10/24,"WM1.png,malang,bromo,400,5.0,7am,7pm|WM2.png,malang,hawai waterpark,85,4.5,9am,5pm"
sd,6/10/24,6/10/24,"WM1.png,malang,bromo,400,5.0,7am,7pm"
plan1,6/10/24,6/10/24,"WM1.png,malang,bromo,400,5.0,7am,7pm"
plan2,6/10/24,6/10/24,"WS1.png,surabaya,pantai kenjeran lama,15,4.3,7am,6pm"
Mau Liburan,6/11/24,6/13/24,"WM1.png,malang,bromo,400,5.0,7am,7pm|WM6.png,malang,cycling & village tour in malang,583,5.0,12am,12pm"
f,6/11/24,6/11/24,"WM2.png,malang,hawai waterpark,85,4.5,9am,5pm"
f,6/11/24,6/11/24,"WM1.png,malang,bromo,400,5.0,7am,7pm|WM2.png,malang,hawai waterpark,85,4.5,9am,5pm"
f,6/11/24,6/11/24,"WM1.png,malang,bromo,400,5.0,7am,7pm|WM2.png,malang,hawai waterpark,85,4.5,9am,5pm"
judulnya,6/11/24,6/11/24,"WM1.png,malang,bromo,400,5.0,7am,7pm|WM2.png,malang,hawai waterpark,85,4.5,9am,5pm"
judul aja,6/11/24,6/11/24,"WM1.png,malang,bromo,400,5.0,7am,7pm|WM2.png,malang,hawai waterpark,85,4.5,9am,5pm"
vb,6/11/24,6/11/24,"WM1.png,malang,bromo,400,5.0,7am,7pm"
lala,6/11/24,6/11/24,"WM1.png,malang,bromo,400,5.0,7am,7pm"
s,6/11/24,6/11/24,"WM1.png,malang,bromo,400,5.0,7am,7pm"
haii,6/11/24,6/13/24,"WM1.png,malang,bromo,400,5.0,7am,7pm|WM2.png,malang,hawai waterpark,85,4.5,9am,5pm"
lala,6/11/24,6/13/24,"WM1.png,malang,bromo,400,5.0,7am,7pm|WM2.png,malang,hawai waterpark,85,4.5,9am,5pm"
lala,6/11/24,6/13/24,"WM1.png,malang,bromo,400,5.0,7am,7pm|WM2.png,malang,hawai waterpark,85,4.5,9am,5pm"
lala,6/11/24,6/12/24,"WM1.png,malang,bromo,400,5.0,7am,7pm|WM2.png,malang,hawai waterpark,85,4.5,9am,5pm"
LALA,6/11/24,6/11/24,"WM1.png,malang,bromo,400,5.0,7am,7pm|WM2.png,malang,hawai waterpark,85,4.5,9am,5pm"
lala,6/11/24,6/11/24,"WM1.png,malang,bromo,400,5.0,7am,7pm|WM2.png,malang,hawai waterpark,85,4.5,9am,5pm"
HAII,6/11/24,6/11/24,"WM1.png,malang,bromo,400,5.0,7am,7pm|WM2.png,malang,hawai waterpark,85,4.5,9am,5pm"
KAMI,6/11/24,6/11/24,"WM1.png,malang,bromo,400,5.0,7am,7pm|WM2.png,malang,hawai waterpark,85,4.5,9am,5pm"
KUY,6/11/24,6/11/24,"WM3.png,malang,pantai parang dowo,15,4.6,12am,12pm|WM4.png,malang,florawisata santerra de laponte,30,4.6,8am,5pm"
JAJAN,6/12/24,6/12/24,"WM1.png,malang,bromo,400,5.0,7am,7pm|WM2.png,malang,hawai waterpark,85,4.5,9am,5pm"
lala,6/12/24,6/13/24,"WB1.png,banyuwangi,pantai plengkung,10,4.5,12am,12pm|WB2.png,banyuwangi,pantai rajegwesi,5,4.4,12am,12pm"
lala,6/12/24,6/13/24,"WM1.png,malang,bromo,400,5.0,7am,7pm|WM2.png,malang,hawai waterpark,85,4.5,9am,5pm"
gjj,6/12/24,6/13/24,"WM1.png,malang,bromo,400,5.0,7am,7pm|WM2.png,malang,hawai waterpark,85,4.5,9am,5pm"
dfgh,6/12/24,6/12/24,"WM1.png,malang,bromo,400,5.0,7am,7pm|WM2.png,malang,hawai waterpark,85,4.5,9am,5pm"
lklk,6/12/24,6/12/24,"WM1.png,malang,bromo,400,5.0,7am,7pm|WM2.png,malang,hawai waterpark,85,4.5,9am,5pm"
lolo,6/12/24,6/12/24,"WS1.png,surabaya,pantai kenjeran lama,15,4.3,7am,6pm|WS2.png,surabaya,monumen tugu pahlawan,2,4.7,8am,3pm"
ljlj,6/12/24,6/12/24,"WM2.png,malang,hawai waterpark,85,4.5,9am,5pm|WM1.png,malang,bromo,400,5.0,7am,7pm"
yyyy,6/12/24,6/12/24,"WM1.png,malang,bromo,400,5.0,7am,7pm|WM2.png,malang,hawai waterpark,85,4.5,9am,5pm"
tyy,6/12/24,6/12/24,"WM1.png,malang,bromo,400,5.0,7am,7pm|WM2.png,malang,hawai waterpark,85,4.5,9am,5pm"
LALA,6/12/24,6/12/24,"WM1.png,malang,bromo,400,5.0,7am,7pm|WM2.png,malang,hawai waterpark,85,4.5,9am,5pm"
YAYA,6/12/24,6/12/24,"WS1.png,surabaya,pantai kenjeran lama,15,4.3,7am,6pm|WS2.png,surabaya,monumen tugu pahlawan,2,4.7,8am,3pm"
lala,6/12/24,6/12/24,"WM1.png,malang,bromo,400,5.0,7am,7pm|WM2.png,malang,hawai waterpark,85,4.5,9am,5pm"
jjj,6/12/24,6/12/24,"WM1.png,malang,bromo,400,5.0,7am,7pm"
JJJJ,6/12/24,6/12/24,"WM1.png,malang,bromo,400,5.0,7am,7pm"
LALA,6/12/24,6/12/24,"WM1.png,malang,bromo,400,5.0,7am,7pm"
J,6/12/24,6/12/24,"WM1.png,malang,bromo,400,5.0,7am,7pm"
KKK,6/12/24,6/12/24,"WM1.png,malang,bromo,400,5.0,7am,7pm|WM2.png,malang,hawai waterpark,85,4.5,9am,5pm"
LALA,6/12/24,6/12/24,"WM1.png,malang,bromo,400,5.0,7am,7pm"
RARA,6/12/24,6/12/24,"WS1.png,surabaya,pantai kenjeran lama,15,4.3,7am,6pm"
FIRA,6/12/24,6/12/24,"WM1.png,malang,bromo,400,5.0,7am,7pm"
JESIKA,6/12/24,6/12/24,"WS1.png,surabaya,pantai kenjeran lama,15,4.3,7am,6pm"
DAFINNA,6/12/24,6/12/24,"WB1.png,banyuwangi,pantai plengkung,10,4.5,12am,12pm"
JSIKA,6/12/24,6/12/24,"WM1.png,malang,bromo,400,5.0,7am,7pm|WM2.png,malang,hawai waterpark,85,4.5,9am,5pm"
FIRA,6/12/24,6/12/24,"WM1.png,malang,bromo,400,5.0,7am,7pm"
WWWW,6/12/24,6/12/24,"WM1.png,malang,bromo,400,5.0,7am,7pm"
WW,6/12/24,6/12/24,"WS1.png,surabaya,pantai kenjeran lama,15,4.3,7am,6pm"
REI,6/12/24,6/12/24,"WM1.png,malang,bromo,400,5.0,7am,7pm"
a,6/12/24,6/12/24,"WM1.png,malang,bromo,400,5.0,7am,7pm"
w,6/12/24,6/12/24,"WM1.png,malang,bromo,400,5.0,7am,7pm"
w,6/12/24,6/12/24,"WM1.png,malang,bromo,400,5.0,7am,7pm"
d,6/12/24,6/12/24,"WM1.png,malang,bromo,400,5.0,7am,7pm"
gg,6/12/24,6/12/24,"WM2.png,malang,hawai waterpark,85,4.5,9am,5pm"
hh,6/12/24,6/12/24,"WM1.png,malang,bromo,400,5.0,7am,7pm"
jj,6/12/24,6/12/24,"WM1.png,malang,bromo,400,5.0,7am,7pm"
LALA,6/12/24,6/12/24,"WM1.png,malang,bromo,400,5.0,7am,7pm"
MAU LIBURAN,6/12/24,6/14/24,"WM1.png,malang,bromo,400,5.0,7am,7pm|WM2.png,malang,hawai waterpark,85,4.5,9am,5pm"
BISMILLAH,6/12/24,6/13/24,"WM1.png,malang,bromo,400,5.0,7am,7pm|WM2.png,malang,hawai waterpark,85,4.5,9am,5pm"
JALAN-JALAN,6/12/24,6/13/24,"WM1.png,malang,bromo,400,5.0,7am,7pm|WM2.png,malang,hawai waterpark,85,4.5,9am,5pm"
JUDUL,6/12/24,6/14/24,"WM1.png,malang,bromo,400,5.0,7am,7pm|WM14.png,malang,batu night spectacular,45,4.5,3pm,11pm"
LALA,6/12/24,6/13/24,"WM1.png,malang,bromo,400,5.0,7am,7pm|WM14.png,malang,batu night spectacular,45,4.5,3pm,11pm"
lala,6/12/24,6/12/24,"WM1.png,malang,bromo,400,5.0,7am,7pm|WM2.png,malang,hawai waterpark,85,4.5,9am,5pm"
lala,6/12/24,6/12/24,"WM1.png,malang,bromo,400,5.0,7am,7pm|WM2.png,malang,hawai waterpark,85,4.5,9am,5pm"
LALA,6/12/24,6/12/24,"WM1.png,malang,bromo,400,5.0,7am,7pm"
LALA,6/12/24,6/12/24,"WM1.png,malang,bromo,400,5.0,7am,7pm|WM2.png,malang,hawai waterpark,85,4.5,9am,5pm"
LALI,6/12/24,6/12/24,"WM1.png,malang,bromo,400,5.0,7am,7pm|WM2.png,malang,hawai waterpark,85,4.5,9am,5pm"
LALAA,6/12/24,6/12/24,"WM1.png,malang,bromo,400,5.0,7am,7pm|WM2.png,malang,hawai waterpark,85,4.5,9am,5pm"
LALAA,6/12/24,6/12/24,"WM1.png,malang,bromo,400,5.0,7am,7pm|WM2.png,malang,hawai waterpark,85,4.5,9am,5pm"
h,6/12/24,6/13/24,"WM1.png,malang,bromo,400,5.0,7am,7pm|WM6.png,malang,cycling & village tour in malang,583,5.0,12am,12pm|WM10.png,malang,jatim park 2,135,4.7,8am,5pm"
uu,6/12/24,6/12/24,"WM1.png,malang,bromo,400,5.0,7am,7pm|WM6.png,malang,cycling & village tour in malang,583,5.0,12am,12pm|WM10.png,malang,jatim park 2,135,4.7,8am,5pm"
j,6/12/24,6/12/24,"WS1.png,surabaya,pantai kenjeran lama,15,4.3,7am,6pm"
hhh,6/12/24,6/12/24,"WM2.png,malang,hawai waterpark,85,4.5,9am,5pm|WM3.png,malang,pantai parang dowo,15,4.6,12am,12pm|WM4.png,malang,florawisata santerra de laponte,30,4.6,8am,5pm"
g,6/12/24,6/16/24,"WM2.png,malang,hawai waterpark,85,4.5,9am,5pm|WM3.png,malang,pantai parang dowo,15,4.6,12am,12pm|WM4.png,malang,florawisata santerra de laponte,30,4.6,8am,5pm"
h,6/12/24,6/12/24,"WM2.png,malang,hawai waterpark,85,4.5,9am,5pm|WM3.png,malang,pantai parang dowo,15,4.6,12am,12pm|WM4.png,malang,florawisata santerra de laponte,30,4.6,8am,5pm"
hjk,6/12/24,6/12/24,"WS1.png,surabaya,pantai kenjeran lama,15,4.3,7am,6pm|WS2.png,surabaya,monumen tugu pahlawan,2,4.7,8am,3pm"
ok,6/12/24,6/13/24,"WM1.png,malang,bromo,400,5.0,7am,7pm|WM2.png,malang,hawai waterpark,85,4.5,9am,5pm"
oww,6/12/24,6/12/24,"WM1.png,malang,bromo,400,5.0,7am,7pm|WM2.png,malang,hawai waterpark,85,4.5,9am,5pm"
LALA,6/13/24,6/13/24,"WM1.png,malang,bromo,400,5.0,7am,7pm|WM2.png,malang,hawai waterpark,85,4.5,9am,5pm"
LINK,6/13/24,6/13/24,"WM1.png,malang,bromo,400,5.0,7am,7pm|WM2.png,malang,hawai waterpark,85,4.5,9am,5pm"
